Manufacturer,CPU manufacturer,CPU brand modifier,CPU generation,CPU Speed (GHz),RAM (GB),RAM Type,Bus (MHz),Storage (GB),Screen Size (inch),Screen Resolution,Refresh Rate (Hz),GPU manufacturer,Weight (kg),Battery,Price (VND)
asus,AMD,3,7,4.1,8,LPDDR5,5500,256,15,1920x1080,60,Intel,1.8,42,8990000
asus,Intel,5,11,4.5,16,DDR4,3200,512,15,1920x1080,144,NVIDIA,2.3,42,17990000
asus,Intel,5,12,4.5,16,DDR4,3200,512,15,1920x1080,144,Intel,2.2,,20490000
asus,AMD,5,7,4.3,16,LPDDR5,5500,512,14,1920x1080,60,AMD,1.3,,13490000
asus,AMD,5,7,4.3,16,DDR4,,512,14,1920x1200,60,Intel,1.5,42,16490000
asus,AMD,5,7,,16,DDR4,,512,15,1920x1080,60,Intel,1.7,50,15990000
asus,Intel,3,11,4.1,8,DDR4,3200,256,14,1920x1080,60,Intel,1.6,,8990000
asus,Intel,5,11,4.5,16,DDR4,3200,512,15,1920x1080,144,NVIDIA,2.3,42,17990000
asus,Intel,5,11,4.5,16,DDR4,3200,512,15,1920x1080,144,NVIDIA,2.3,42,17990000
asus,AMD,3,7,4.1,8,LPDDR5,5500,256,15,1920x1080,60,Intel,1.8,42,8990000
asus,Intel,3,11,4.1,8,DDR4,3200,256,14,1920x1080,60,Intel,1.6,,8990000
asus,Intel,3,12,4.4,8,DDR4,3200,512,16,1920x1200,60,Intel,1.68,42,10790000
asus,AMD,5,7,4.3,16,DDR4,,512,14,1920x1200,60,Intel,1.5,42,16490000
asus,AMD,5,7,4.3,16,LPDDR5,5500,512,14,1920x1080,60,AMD,1.3,,13490000
asus,Intel,5,13,4.7,16,DDR4,3200,512,15,1920x1080,60,Intel,1.7,,17990000
asus,AMD,5,7,,16,DDR4,,512,15,1920x1080,60,Intel,1.7,50,15990000
asus,Intel,5,12,4.5,16,DDR4,3200,512,15,1920x1080,144,Intel,2.2,,20490000
asus,Intel,5,13,4.7,8,DDR4,3200,512,14,2880x1800,90,Intel,1.6,42,16990000
asus,Intel,5,11,4.5,8,DDR4,3200,512,15,1920x1080,144,Intel,2.3,,17990000
asus,AMD,7,7,4.7,8,DDR5,4800,512,15,1920x1080,144,NVIDIA,2.2,,25490000
asus,Intel,5,13,4.6,16,DDR4,,512,15,1920x1080,60,Intel,1.7,42,16490000
asus,Intel,3,12,,8,DDR4,,256,14,1920x1080,60,Intel,1.4,42,9990000
asus,Intel,5,13,4.6,8,DDR4,3200,512,16,1920x1200,60,Intel,1.68,42,15490000
asus,Intel,7,11,4.6,8,DDR4,3200,512,15,1920x1080,144,NVIDIA,2.3,,19490000
asus,Intel,9,13,5.4,16,DDR4,,512,14,1920x1200,60,Intel,1.5,,23490000
asus,AMD,7,7,4.7,8,DDR5,4800,512,15,1920x1080,144,AMD,2.2,,26990000
asus,AMD,7,5,4.3,8,DDR4,3200,512,15,1920x1080,60,AMD,1.8,65,13490000
asus,Intel,7,13,5,16,DDR4,3200,512,15,1920x1080,60,Intel,1.7,42,21990000
asus,Intel,5,12,4.4,8,DDR5,4800,512,15,1920x1080,144,Intel,2,,18990000
asus,Intel,5,13,4.6,16,DDR5,4800,512,14,2880x1800,90,Intel,1.39,60,23990000
asus,AMD,5,7,4.3,16,DDR4,3200,512,15,1920x1080,60,Intel,1.7,42,15990000
asus,Intel,5,12,4.5,8,DDR4,3200,512,15,1920x1080,60,Intel,1.7,,16490000
asus,Intel,7,12,4.7,8,DDR4,3200,512,15,1920x1080,144,Intel,2.2,,28990000
asus,AMD,7,7,4.7,16,DDR5,,512,15,1920x1080,144,NVIDIA,2.2,90,26490000
asus,AMD,7,7,,16,DDR4,,512,16,1920x1200,60,AMD,1.88,42,15990000
asus,Intel,7,12,,16,,,512,15,1920x1080,144,NVIDIA,2.2,90,29990000
asus,Intel,5,12,,8,DDR4,3200,512,15,1920x1080,60,Intel,1.7,,14490000
asus,Intel,5,12,4.4,8,DDR5,4800,512,14,2880x1800,90,Intel,1.39,60,20490000
asus,Intel,5,13,4.6,16,LPDDR5,5500,512,14,2880x1800,90,Intel,1.5,,25990000
asus,Intel,7,13,5,16,DDR5,4800,512,14,2880x1800,90,Intel,1.5,,30490000
asus,Intel,3,11,4.1,8,DDR4,,512,15,1920x1080,,Intel,1.8,,9590000
asus,Intel,7,13,,16,DDR5,,512,14,2880x1800,90,Intel,1.39,,27990000
asus,Intel,7,13,4.9,16,DDR5,4800,512,16,1920x1200,165,Intel,3.82,90,37490000
asus,AMD,5,4,4,8,DDR4,3200,512,15,1920x1080,144,Intel,2.3,,16990000
asus,Intel,9,13,,16,DDR4,3200,512,14,2880x1800,90,Intel,1.4,42,23990000
asus,Intel,7,12,4.7,16,DDR4,,512,15,1920x1080,144,NVIDIA,2.2,,27490000
asus,Intel,7,12,4.7,8,DDR4,3200,512,15,1920x1080,144,Intel,2.2,,27990000
asus,Intel,5,13,4.7,16,DDR5,,512,15,2880x1620,120,Intel,1.8,,30990000
asus,Intel,9,13,5.4,16,DDR5,,512,15,2880x1620,120,Intel,1.8,,33990000
asus,Intel,9,13,5.6,16,DDR4,3200,512,14,2880x1800,90,NVIDIA,1.4,42,27990000
asus,Intel,5,13,4.7,16,DDR4,,512,14,2880x1800,90,Intel,1.6,42,17990000
asus,Intel,5,12,4.5,16,LPDDR5X,,512,14,2880x1800,120,Intel,1.2,75,27990000
asus,Intel,3,12,4.4,8,DDR4,,512,14,1920x1080,60,Intel,1.4,42,10490000
asus,Intel,7,13,4.9,16,DDR4,3200,512,16,1920x1200,165,Intel,2,,38490000
asus,Intel,9,13,5.4,16,DDR4,3200,512,15,1920x1080,144,Intel,2.2,,38990000
asus,AMD,5,7,4.5,8,DDR5,,512,15,1920x1080,144,NVIDIA,2.2,90,28490000
asus,Intel,9,13,5.4,16,DDR4,,512,15,1920x1080,60,Intel,1.7,,23490000
hp,AMD,5,7,,8,,,256,14,1920x1080,60,AMD,1.36,42,10990000
hp,AMD,5,7,4.3,16,LPDDR5,5500,512,14,1920x1080,60,AMD,1.4,42,13490000
hp,Intel,5,12,4.4,8,DDR4,3200,512,14,1920x1080,60,Intel,1.41,43,15990000
hp,AMD,3,7,4.1,8,LPDDR5,6400,256,14,1920x1080,60,Intel,1.4,42,8990000
hp,AMD,5,7,4.3,8,LPDDR5,5500,512,14,1920x1080,60,AMD,1.4,42,11990000
hp,Intel,3,11,4.1,8,DDR4,3200,256,15,1920x1080,60,Intel,1.7,41,9190000
hp,Intel,5,12,4.4,16,DDR4,3200,512,14,1920x1080,60,Intel,1.41,43,17490000
hp,Intel,3,11,4.1,8,DDR4,3200,256,15,1920x1080,60,Intel,1.7,41,9190000
hp,AMD,5,5,4.3,8,DDR4,3200,256,14,1920x1080,60,AMD,1.47,41,10490000
hp,Intel,7,13,,16,,,512,15,1920x1080,60,Intel,1.59,42,19490000
hp,Intel,5,13,4.6,16,DDR4,3200,512,15,1920x1080,,Intel,1.68,42,18490000
hp,Intel,5,13,,16,DDR4,,512,15,1920x1080,60,Intel,1.36,42,16990000
hp,Intel,7,13,5,16,DDR4,3200,512,15,1920x1080,,Intel,1.68,42,21990000
hp,Intel,5,12,4.4,8,DDR4,3200,256,15,1920x1080,60,Intel,1.69,42,13490000
hp,Intel,7,13,,16,,,512,14,1920x1080,60,Intel,1.38,51,23990000
hp,AMD,7,6,4.7,8,DDR5,4800,512,16,1920x1080,144,NVIDIA,2.4,,20990000
hp,AMD,7,7,4.7,16,DDR4,3200,512,13,1920x1200,,AMD,1,42,19790000
hp,Intel,5,13,,16,,,512,14,1920x1080,60,Intel,1.38,51,20490000
hp,Intel,7,12,4.4,16,DDR4,3200,512,14,1920x1080,60,Intel,1.41,43,20590000
hp,Intel,5,12,,8,DDR4,3200,256,15,1920x1080,60,Intel,1.71,42,14690000
hp,Intel,7,12,,8,,,512,14,1920x1080,60,Intel,1.41,43,19490000
hp,Intel,5,13,4.6,8,,3200,512,15,1920x1080,,Intel,1.69,42,16990000
hp,Intel,5,12,,8,DDR4,3200,512,15,1920x1080,60,Intel,1.72,42,16090000
hp,Intel,7,12,,8,,,512,13,2880x1800,60,Intel,1.34,66,24990000
hp,Intel,7,12,4.4,8,DDR4,3200,512,15,1920x1080,60,Intel,1.69,41,16690000
hp,AMD,5,6,4.5,8,DDR5,4800,512,16,1920x1080,144,NVIDIA,2.4,,17890000
hp,Intel,5,12,4.4,16,DDR4,3200,512,15,1920x1080,60,Intel,1.7,41,16490000
hp,Intel,5,12,4.4,8,DDR4,3200,256,14,1920x1080,60,Intel,1.41,42,14590000
hp,Intel,3,11,4.1,8,,,256,14,1920x1080,,Intel,1.35,42,9190000
hp,Intel,7,13,,16,,,512,14,1920x1080,60,Intel,1.42,51,25590000
lenovo,AMD,5,5,4,16,DDR4,3200,512,15,1920x1080,60,AMD,1.58,42,10290000
hp,AMD,5,7,,16,,,512,16,1920x1080,60,NVIDIA,2.31,60,24490000
hp,Intel,5,12,4.4,8,DDR4,3200,512,15,1920x1080,60,Intel,1.71,42,16490000
lenovo,Intel,5,11,4.5,16,DDR4,3200,512,15,1920x1080,60,Intel,1.65,,13490000
lenovo,Intel,5,12,4.4,16,DDR5,4800,512,14,1920x1080,60,Intel,1.37,,13990000
lenovo,Intel,5,12,4.5,16,DDR4,3200,512,15,1920x1080,60,Intel,1.65,38,12690000
lenovo,Intel,5,13,4.7,16,DDR5,5200,512,14,1920x1200,60,Intel,1.46,42,17290000
lenovo,Intel,7,13,5,16,DDR5,5200,512,14,1920x1200,60,Intel,1.35,65,24990000
lenovo,Intel,5,11,4.5,8,DDR4,3200,256,15,1920x1080,,Intel,1.65,,10190000
lenovo,Intel,5,11,4.4,16,DDR4,4266,512,14,1920x1200,60,Intel,1.57,57,22490000
lenovo,Intel,5,12,4.4,16,DDR5,4800,512,16,1920x1200,60,Intel,1.89,42,15990000
lenovo,Intel,5,12,4.4,8,DDR4,3200,512,14,1920x1080,60,Intel,1.43,35,10990000
lenovo,Intel,7,12,4.7,16,DDR4,3200,512,15,1920x1080,,Intel,1.63,,15990000
lenovo,AMD,5,7,4.5,8,DDR5,4800,512,15,1920x1080,120,NVIDIA,2.32,60,19990000
lenovo,AMD,7,7,4.5,16,DDR4,3200,512,14,1920x1080,,AMD,1.17,,16590000
lenovo,AMD,5,7,4.3,8,LPDDR5,5500,512,15,1920x1080,60,AMD,1.58,42,9490000
lenovo,AMD,5,6,4.5,16,DDR5,4800,512,15,1920x1080,120,AMD,2.32,60,18490000
lenovo,Intel,5,13,4.6,16,DDR4,3200,512,14,1920x1200,60,Intel,1.43,47,21390000
lenovo,Intel,5,13,4.6,16,DDR4,3200,512,16,1920x1200,60,Intel,1.97,47,21990000
lenovo,Intel,7,12,4.7,8,DDR4,3200,512,14,1920x1080,60,Intel,1.64,42,21590000
lenovo,Intel,5,12,4.4,8,DDR4,3200,512,15,1920x1080,,Intel,1.63,,12490000
lenovo,Intel,7,13,5,16,DDR4,3200,512,16,1920x1200,60,Intel,1.97,42,24690000
lenovo,AMD,5,7,4.5,16,DDR4,3200,512,15,1920x1080,60,AMD,1.7,,17990000
lenovo,AMD,7,6,4.7,16,DDR5,4800,512,15,2560x1600,165,AMD,2.49,80,33990000
lenovo,AMD,5,5,4.3,8,DDR4,3200,512,15,1920x1080,60,AMD,1.85,,11490000
lenovo,AMD,5,5,4.2,8,LPDDR4X,4266,512,14,1920x1080,60,AMD,1.45,,17490000
lenovo,AMD,7,5,4.4,8,LPDDR4X,4266,512,14,1920x1080,,AMD,1.45,,17490000
lenovo,Intel,5,12,4.4,8,DDR4,3200,512,14,1920x1080,60,Intel,1.4,42,16990000
lenovo,Intel,7,11,4.7,16,LPDDR4X,4266,512,14,1920x1200,60,Intel,1.133,,47990000
lenovo,AMD,7,7,5.1,16,DDR5,5600,512,16,2560x1600,165,NVIDIA,2.4,80,37090000
lenovo,Intel,5,13,4.6,8,DDR5,5200,512,15,1920x1080,144,NVIDIA,2.4,60,29990000
lenovo,Intel,7,13,5,16,DDR5,5200,512,16,2560x1600,165,NVIDIA,2.4,80,42990000
lenovo,Intel,5,12,4.4,8,DDR4,3200,512,14,1920x1080,60,Intel,1.63,,12490000
lenovo,Intel,7,13,5,16,DDR5,5200,512,16,2560x1600,165,NVIDIA,2.4,80,36090000
lenovo,AMD,5,6,4.5,16,DDR5,6400,512,14,2560x1600,60,AMD,1.4,,26890000
lenovo,Intel,5,12,4.4,16,DDR5,4800,1024,16,1920x1200,144,Intel,1.89,56.6,16590000
lenovo,AMD,7,7,4.5,8,DDR4,3200,512,14,1920x1080,,AMD,1.17,,19990000
lenovo,AMD,5,5,4.6,8,DDR4,3200,512,15,1920x1080,60,AMD,1.78,45,21290000
acer,Intel,5,12,4.4,8,DDR4,3200,512,15,1920x1080,60,Intel,2.1,50,13990000
acer,AMD,5,5,4,16,LPDDR4X,4266,512,14,1920x1080,60,AMD,1.19,,14490000
lenovo,Intel,5,12,4.4,16,DDR5,4800,1024,14,1920x1080,144,Intel,1.37,47,15690000
acer,Intel,3,12,4.4,8,DDR4,3200,256,15,1920x1080,60,Intel,1.7,42,8690000
acer,Intel,5,11,4.5,8,DDR4,3200,512,15,1920x1080,144,NVIDIA,2.5,,17190000
acer,AMD,5,5,4.3,16,DDR4,3200,512,15,1920x1080,144,NVIDIA,2.1,53,16490000
acer,Intel,5,12,4.5,8,DDR4,3200,512,15,1920x1080,144,Intel,2.5,,21990000
acer,Intel,5,12,4.4,16,DDR4,3200,512,15,1920x1080,144,NVIDIA,2.1,,18990000
acer,Intel,5,11,4.5,8,DDR4,3200,512,15,1920x1080,144,Intel,2.2,,16990000
acer,Intel,7,12,4.7,8,DDR4,3200,512,15,1920x1080,144,NVIDIA,2.5,,23190000
acer,AMD,5,7,,16,DDR4,,512,14,1920x1080,60,AMD,1.2,,17990000
acer,Intel,3,13,4.5,16,LPDDR5,4800,512,15,1920x1080,60,Intel,1.7,,12490000
acer,Intel,5,13,4.6,32,DDR4,,512,15,1920x1080,60,NVIDIA,1.7,,18490000
acer,Intel,5,12,4.4,8,,,512,15,1920x1080,60,Intel,1.7,42,12290000
acer,Intel,5,11,4.4,8,DDR4,3200,512,15,1920x1080,144,Intel,2.2,,17190000
acer,Intel,5,12,4.4,16,DDR4,,512,15,1920x1080,60,Intel,2.1,,15990000
acer,AMD,5,5,4.3,8,DDR4,3200,512,15,1920x1080,144,NVIDIA,2.1,,16490000
acer,AMD,5,7,4.3,8,,,512,14,1920x1080,60,AMD,1.4,40,10990000
acer,Intel,5,11,4.2,8,DDR4,2400,512,15,1920x1080,60,Intel,1.7,,11490000
acer,Intel,5,13,4.6,16,LPDDR5,4800,512,15,1920x1080,60,Intel,1.7,,15990000
acer,Intel,5,11,4.2,8,DDR4,2666,512,14,1920x1080,60,Intel,1.45,,13190000
acer,Intel,7,12,4.7,16,LPDDR4,,1024,14,2560x1440,60,Intel,1.2,,26490000
acer,Intel,5,11,4.2,8,DDR4,2400,256,15,1920x1080,60,Intel,1.7,,11490000
acer,AMD,7,6,4.7,16,LPDDR5,6400,1024,16,3840x2400,60,AMD,1.1,,36990000
acer,Intel,5,12,4.4,8,DDR5,,512,15,1920x1080,144,Intel,2.5,60,23990000
acer,Intel,5,11,4.5,16,LPDDR4,,512,16,1920x1080,60,NVIDIA,1.9,,24990000
acer,Intel,5,12,4.4,16,DDR4,3200,512,15,1920x1080,144,NVIDIA,2.1,,21490000
msi,Intel,5,11,4.5,8,DDR4,3200,512,15,1920x1080,144,NVIDIA,1.86,,14490000
msi,Intel,5,12,4.4,16,DDR4,3200,512,15,1920x1080,144,Intel,1.86,52.4,20490000
acer,Intel,5,13,4.6,16,LPDDR5,5200,512,15,1920x1080,144,Intel,2.1,,27990000
msi,Intel,5,12,4.4,16,DDR4,3200,512,15,1920x1080,144,Intel,1.86,,17990000
msi,Intel,7,11,4.6,8,DDR4,3200,512,15,1920x1080,144,NVIDIA,1.86,,18690000
msi,AMD,5,7,4.3,8,DDR4,3200,512,14,1920x1080,60,AMD,1.4,39.3,10390000
msi,AMD,7,7,4.5,8,DDR4,3200,512,14,1920x1080,60,AMD,1.4,39.3,12390000
msi,AMD,7,7,4.3,8,DDR4,3200,512,15,1920x1080,60,AMD,1.4,39.3,12890000
msi,Intel,5,12,4.4,8,DDR5,4800,512,15,1920x1080,144,Intel,1.98,53.5,16990000
msi,AMD,5,5,4.2,8,DDR4,3200,512,15,1920x1080,144,AMD,2.35,,16990000
msi,AMD,5,7,4.3,8,DDR4,3200,512,15,1920x1080,60,AMD,1.4,39.3,10990000
msi,Intel,5,12,4.4,8,DDR4,,512,15,1920x1080,144,NVIDIA,1.86,,15990000
msi,Intel,7,13,4.9,16,DDR5,5200,1024,15,1920x1080,144,Intel,2.25,53.5,29490000
msi,AMD,5,7,4.3,16,DDR4,3200,512,15,1920x1080,60,AMD,1.4,39.3,13990000
msi,Intel,7,12,4.7,8,DDR5,4800,512,15,1920x1080,144,Intel,1.98,,23790000
msi,AMD,7,7,4.3,16,DDR4,3200,512,15,1920x1080,60,AMD,1.4,42,15990000
msi,Intel,5,12,4.4,16,DDR4,3200,512,14,1920x1080,60,Intel,1.4,,13490000
msi,Intel,5,12,4.4,16,DDR4,3200,512,15,1920x1080,60,Intel,1.7,,12990000
msi,Intel,5,13,4.6,8,DDR4,3200,512,14,1920x1080,60,Intel,1.4,39.3,15490000
msi,Intel,7,13,4.9,8,DDR5,5200,512,15,1920x1080,144,NVIDIA,2.29,,24990000
msi,Intel,5,13,4.6,8,DDR4,3200,512,15,1920x1080,60,Intel,1.7,,15490000
msi,AMD,5,5,4.3,8,DDR4,3200,512,14,1920x1080,60,AMD,1.4,39.3,10490000
msi,Intel,5,13,4.6,16,DDR4,3200,512,14,1920x1080,60,Intel,1.4,,16490000
msi,Intel,7,13,5,16,DDR5,5200,512,17,2560x1440,240,Intel,2.8,,47490000
msi,Intel,7,13,5,32,DDR5,5600,2048,16,2560x1600,240,Intel,2.7,,59990000
msi,Intel,9,12,5,64,DDR5,4800,2048,17,3840x2160,120,Intel,2.9,,89990000
msi,Intel,9,12,5,32,DDR5,4800,512,17,2560x1440,240,Intel,2.8,,65990000
msi,Intel,5,12,4.4,16,DDR5,,512,15,1920x1080,144,NVIDIA,1.98,,17490000
msi,Intel,7,13,5,16,DDR5,5600,2048,16,2560x1600,240,Intel,2.7,,49990000
msi,Intel,7,13,5,32,DDR5,5600,2048,16,2560x1600,120,NVIDIA,2.35,90,68990000
msi,Intel,7,12,4.7,16,DDR5,4800,1024,16,2560x1600,120,Intel,2.2,,60990000
msi,Intel,7,13,5,16,DDR4,3200,512,14,1920x1080,60,Intel,1.4,,19490000
msi,AMD,5,5,4.3,8,DDR4,3200,512,15,1920x1080,60,AMD,1.4,39.3,10990000
msi,Intel,5,13,4.6,16,DDR4,3200,512,14,1920x1080,60,Intel,1.4,,16490000
msi,Intel,7,12,4.7,16,DDR4,3200,512,15,1920x1080,60,Intel,1.7,,16190000
msi,Intel,5,13,4.6,8,DDR4,3200,512,14,1920x1080,60,Intel,1.4,,15790000
msi,Intel,5,13,4.6,8,DDR4,3200,512,14,1920x1080,60,Intel,1.4,,15790000
dell,Intel,5,12,4.4,8,DDR4,2666,256,15,1920x1080,120,Intel,1.9,,14990000
dell,Intel,5,13,4.6,16,DDR4,2666,512,15,1920x1080,120,NVIDIA,1.66,,20490000
dell,Intel,7,13,5,16,DDR4,3200,512,15,1920x1080,120,Intel,1.65,,24490000
dell,Intel,7,13,,16,DDR4,,512,15,1920x1200,120,Intel,1.74,,23990000
dell,Intel,5,13,4.6,8,LPDDR5,4800,512,14,1920x1200,60,Intel,1.62,,22490000
dell,Intel,5,12,4.5,8,DDR4,,512,16,1920x1200,60,Intel,1.97,34.20,19490000
dell,Intel,7,12,4.4,8,,,512,15,1920x1080,120,Intel,1.7,54,19090000
dell,Intel,5,12,4.4,16,DDR4,3200,512,16,1920x1080,60,NVIDIA,1.85,54,22990000
dell,Intel,7,13,,16,LPDDR5,,1024,14,2560x1600,120,Intel,1.78,,32490000
dell,Intel,7,13,5,16,LPDDR5,4800,512,14,1920x1200,60,Intel,1.94,,30990000
dell,Intel,5,13,4.6,16,LPDDR5,4800,512,16,1920x1200,60,Intel,1.9,,25690000
dell,Intel,7,13,5,8,,,512,15,1920x1080,120,Intel,1.66,54,21990000
dell,Intel,5,13,,8,DDR4,,512,15,1920x1200,120,Intel,1.63,,18490000
lg,Intel,7,13,4.6,16,DDR5,6000,512,16,2560x1600,120,Intel,2,80,41490000
lg,Intel,5,13,,16,LPDDR5,5200,512,14,1920x1200,60,Intel,1.25,72,31990000
lg,Intel,7,13,,16,,,512,14,1920x1200,60,Intel,1,72,33990000
lg,Intel,7,13,,16,LPDDR5,6000,512,16,2560x1600,60,NVIDIA,1.29,90,44490000
lg,Intel,5,13,4.6,16,DDR5,6000,512,14,2880x1800,90,Intel,1.5,,34490000
hp,Intel,3,12,4.4,8,DDR4,3200,256,14,1920x1080,60,Intel,1.41,41,12990000
hp,Intel,3,12,4.4,8,DDR4,3200,512,15.6,1920x1080,60,Intel,1.69,41,13690000
hp,Intel,5,12,4.4,8,DDR4,3200,512,15.6,1920x1080,60,Intel,1.7,41,18890000
hp,Intel,5,12,4.4,8,DDR4,3200,512,14,1920x1080,60,Intel,1.47,41,18590000
hp,Intel,3,,3.8,8,DDR4,3200,256,14,1920x1080,60,Intel,1.41,41,11990000
hp,Intel,5,12,4.4,8,DDR4,3200,512,15.6,1920x1080,60,Intel,1.72,41.04,19790000
hp,Intel,7,12,4.7,8,DDR4,3200,512,15.6,1920x1080,60,Intel,1.69,41,20890000
hp,Intel,5,12,4.4,16,DDR4,3200,512,15.6,1920x1080,144,NVIDIA,2.29,52.5,24590000
hp,AMD,5,7,4.3,8,DDR4,3200,512,14,1920x1080,60,AMD,1.36,41,14190000
hp,Intel,5,12,4.4,8,DDR4,3200,256,14,1920x1080,60,Intel,1.47,41,17590000
hp,Intel,3,11,4.1,8,DDR4,3200,512,15.6,1920x1080,60,Intel,1.7,41,13690000
hp,Intel,5,13,4.6,16,DDR4,3200,512,14,1920x1080,60,Intel,1.53,43,24290000
hp,Intel,5,12,4.4,8,DDR4,3200,512,14,1920x1080,60,Intel,1.41,43,19690000
hp,Intel,3,11,4.1,8,DDR4,3200,256,14,1920x1080,60,Intel,1.47,41,12990000
hp,Intel,7,12,4.7,16,LPDDR4,4267,512,13.3,2880x1800,60,Intel,1.34,66,32990000
hp,AMD,5,6,4.5,8,DDR5,4800,512,16.1,1920x1080,144,NVIDIA,2.4,70,26490000
hp,Intel,5,12,4.4,16,DDR4,3200,512,15.6,1920x1080,144,NVIDIA,2.31,70,27990000
hp,Intel,5,12,4.4,16,DDR4,3200,512,15.6,1920x1080,60,Intel,1.72,41,20990000
hp,Intel,3,12,4.4,8,DDR4,3200,256,15.6,1920x1080,60,Intel,1.74,41,15290000
hp,Intel,5,12,4.4,16,LPDDR4X,4266,512,13.3,2880x1800,60,Intel,1.34,66,29590000
hp,AMD,5,5,4.3,8,DDR4,3200,512,14,1920x1080,60,AMD,1.47,41,13990000
hp,Intel,5,13,4.6,16,DDR4,3200,512,14,1920x1080,60,Intel,1.39,41.04,19590000
hp,Intel,5,13,4.6,8,DDR4,3200,512,14,1920x1080,60,Intel,1.39,41.04,18790000
hp,Intel,7,12,4.7,16,DDR4,3200,512,13.3,1920x1080,60,Intel,1.28,42,27790000
hp,Intel,5,12,4.4,16,DDR4,3200,512,13.3,1920x1080,60,Intel,1.28,42,23390000
hp,Intel,7,13,5,16,DDR4,3200,512,13.3,1920x1080,60,Intel,1.22,42,27790000
hp,Intel,5,13,4.7,16,DDR5,5200,512,16.1,1920x1080,144,NVIDIA,2.34,70,29690000
hp,Intel,9,12,5,32,DDR5,4800,512,16,3840x2400,60,NVIDIA,2.32,83,65390000
hp,AMD,9,6,4.9,32,DDR5,4800,1024,16.1,2560x1440,165,NVIDIA,2.35,83,62890000
hp,Intel,7,12,4.7,16,LPDDR5,4800,1024,13.5,1920x1280,60,Intel,0.99,68,52590000
hp,AMD,7,6,4.7,16,DDR5,4800,1024,16.1,2560x1440,165,NVIDIA,2.35,83,50890000
hp,Intel,7,12,4.7,16,DDR5,4800,512,14,1920x1200,60,Intel,1.35,51,49990000
hp,Intel,7,13,5,16,DDR4,3200,512,14,1920x1080,60,Intel,1.53,43,27590000
hp,AMD,7,7,5.1,16,DDR5,5600,512,16.1,1920x1080,144,NVIDIA,2.34,70,31690000
hp,Intel,7,13,5,16,DDR4,3200,512,15.6,1920x1080,60,Intel,1.79,51,26990000
hp,Intel,7,13,5,16,DDR4,3200,512,15.6,1920x1080,60,NVIDIA,1.74,41,26590000
hp,Intel,7,13,5,16,DDR4,3200,512,15.6,1920x1080,60,Intel,1.69,41,25290000
hp,Intel,7,12,4.7,16,DDR4,3200,512,15.6,1920x1080,60,Intel,1.74,41.04,25290000
hp,Intel,7,12,4.7,16,DDR4,3200,512,14,1920x1080,60,Intel,1.41,43,25190000
hp,Intel,7,12,4.7,16,DDR4,3200,512,14,1920x1080,60,Intel,1.51,43,26990000
hp,Intel,7,12,4.7,8,DDR4,3200,512,15.6,1920x1080,60,NVIDIA,1.74,41,24590000
hp,Intel,5,13,4.6,16,DDR4,3200,512,15.6,1920x1080,60,NVIDIA,1.74,41,22290000
hp,Intel,5,13,4.6,16,DDR4,3200,512,15.6,1920x1080,60,Intel,1.79,51,22590000
hp,Intel,5,13,4.6,8,DDR4,3200,512,14,1920x1080,60,Intel,1.53,43,22890000
hp,Intel,5,13,4.6,16,DDR4,3200,512,15.6,1920x1080,60,Intel,1.69,41,21290000
hp,Intel,5,12,4.4,8,DDR4,3200,512,15.6,1920x1080,60,NVIDIA,1.74,41.04,20590000
hp,Intel,7,13,5,16,DDR4,3200,512,14,1920x1080,60,Intel,1.39,41.04,21990000
hp,Intel,5,12,4.4,8,DDR4,3200,512,13.3,1920x1080,60,Intel,1.28,42,22190000
hp,Intel,5,13,4.6,8,DDR4,3200,512,15.6,1920x1080,60,Intel,1.74,41,19990000
hp,Intel,5,13,4.6,8,DDR4,3200,512,15.6,1920x1080,60,Intel,1.69,41,19990000
hp,Intel,5,12,4.4,8,DDR4,3200,512,15.6,1920x1080,60,Intel,1.74,51,21290000
hp,Intel,5,12,4.4,8,DDR4,3200,512,15.6,1920x1080,60,NVIDIA,1.74,41.04,20590000
hp,Intel,3,12,4.4,8,DDR4,3200,256,14,1920x1080,60,Intel,1.53,43,16590000
hp,Intel,3,12,4.4,8,DDR4,3200,256,14,1920x1080,60,Intel,1.517,43,16590000
hp,Intel,5,12,4.4,8,DDR4,3200,256,15.6,1920x1080,60,Intel,1.72,41.04,18790000
hp,Intel,3,13,4.5,8,DDR4,3200,256,15.6,1920x1080,60,Intel,1.68,41,15290000
hp,Intel,3,12,4.4,8,DDR4,3200,256,15.6,1920x1080,60,Intel,1.74,41,14990000
lenovo,Intel,3,12,4.4,8,DDR4,3200,256,15.6,1920x1080,60,Intel,1.63,45,13890000
lenovo,AMD,5,7,4.3,8,LPDDR5,5500,256,15.6,1920x1080,60,AMD,1.58,42,12690000
hp,Intel,5,12,4.4,8,DDR4,3200,512,15.6,1920x1080,60,NVIDIA,1.74,41.04,20590000
lenovo,AMD,5,5,4.3,8,DDR4,3200,512,14,1920x1080,60,AMD,1.43,38,13190000
lenovo,Intel,3,12,4.4,8,DDR4,3200,256,15.6,1920x1080,60,Intel,1.63,45,10990000
lenovo,AMD,5,7,4.5,16,DDR4,3200,512,14,1920x1080,60,AMD,1.17,47,17990000
lenovo,AMD,7,5,4.3,16,DDR4,3200,512,15.6,1920x1080,60,AMD,1.61,42,13990000
lenovo,Intel,3,12,4.4,8,DDR4,3200,512,15.6,1920x1080,60,Intel,1.63,45,14690000
lenovo,Intel,5,12,4.4,8,DDR4,3200,512,15.6,1920x1080,60,Intel,1.85,57,19490000
lenovo,AMD,5,5,4.2,16,DDR4,3200,512,15.6,1920x1080,144,NVIDIA,2.25,45,18990000
lenovo,Intel,5,11,4.5,8,DDR4,3200,512,15.6,1920x1080,60,Intel,1.65,45,14490000
lenovo,Intel,5,12,4.4,16,LPDDR5,4800,512,15.6,1920x1080,60,Intel,1.62,47,15490000
lenovo,Intel,7,12,4.7,16,DDR4,3200,1024,15.6,1920x1080,60,Intel,1.63,45,18990000
lenovo,Intel,5,12,4.4,16,LPDDR5,4800,1024,15.6,1920x1080,60,Intel,1.62,47,16490000
lenovo,Intel,7,13,4.9,16,DDR5,5200,512,15.6,1920x1080,144,NVIDIA,2.4,60,31990000
lenovo,Intel,5,12,4.4,8,DDR4,3200,512,14,1920x1080,60,Intel,1.44,56.5,18990000
lenovo,Intel,3,11,4.1,8,DDR4,3200,256,15.6,1920x1080,60,Intel,1.65,45,10490000
lenovo,Intel,7,13,5,16,LPDDR5,5200,512,14,1920x1200,60,Intel,1.49,71,28990000
lenovo,Intel,5,12,4.4,8,DDR4,3200,512,15.6,1920x1080,60,Intel,1.63,45,17990000
lenovo,Intel,5,12,4.4,16,LPDDR5,4800,512,14,2880x1800,90,Intel,1.42,56.5,24990000
lenovo,Intel,5,13,4.6,16,DDR5,5200,512,15.6,1920x1080,144,NVIDIA,2.4,60,28990000
lenovo,Intel,5,13,4.7,16,DDR5,5200,512,16,2560x1600,165,NVIDIA,2.4,80,36990000
lenovo,Intel,7,11,4.7,16,DDR4,3200,1024,13,2160x1350,60,Intel,1.168,41,36490000
lenovo,Intel,7,11,4.7,16,LPDDR4X,4266,1024,13.3,2560x1600,60,Intel,0.966,50,34990000
lenovo,Intel,5,11,4.2,8,DDR4,3200,512,13,2160x1350,60,Intel,1.168,41,28490000
lenovo,Intel,7,12,4.7,16,DDR4,3200,512,15.6,1920x1080,60,Intel,1.7,45,28690000
lenovo,Intel,5,12,4.4,16,LPDDR5,4800,512,14,2880x1800,90,Intel,1.42,71,30990000
lenovo,Intel,5,13,4.6,16,LPDDR5,5200,512,14,1920x1200,60,Intel,1.49,71,25990000
lenovo,Intel,7,12,4.7,16,DDR4,3200,512,14,1920x1080,60,Intel,1.64,45,25690000
lenovo,Intel,7,13,5,16,DDR4,3200,512,15.6,1920x1080,60,Intel,1.7,45,25990000
lenovo,Intel,7,12,4.7,16,LPDDR5,4800,512,14,2880x1800,90,Intel,1.42,56.5,27990000
lenovo,Intel,5,12,4.4,8,DDR4,3200,512,14,1920x1080,60,Intel,1.4,60,23690000
lenovo,Intel,5,13,4.6,16,DDR4,3200,512,15.6,1920x1080,60,Intel,1.7,45,22590000
lenovo,Intel,5,13,4.6,16,DDR4,3200,512,15.6,1920x1080,60,Intel,1.67,38,17990000
lenovo,AMD,5,5,4.3,8,DDR4,3200,256,14,1920x1080,60,AMD,1.43,45,14890000
lenovo,Intel,3,13,4.5,8,DDR4,3200,512,14,1920x1080,60,Intel,1.41,38,13690000
lenovo,AMD,5,5,4.3,8,DDR4,3200,512,15.6,1920x1080,60,AMD,1.7,38,13990000
lenovo,Intel,3,12,4.4,8,DDR4,3200,512,15.6,1920x1080,60,Intel,1.63,45,11790000
dell,Intel,3,12,4.4,8,DDR4,3200,512,15.6,1920x1080,120,Intel,1.67,41,14790000
dell,Intel,3,12,4.4,8,DDR4,2666,256,15.6,1920x1080,120,Intel,1.9,41,13690000
dell,Intel,3,12,4.4,8,DDR4,2666,256,15.6,1920x1080,120,Intel,1.83,41,13990000
lenovo,Intel,7,13,5,16,DDR4,3200,512,16,1920x1200,60,Intel,1.97,47,27890000
dell,Intel,5,12,4.4,8,DDR4,2666,512,15.6,1920x1080,120,Intel,1.9,41,18990000
dell,Intel,3,12,4.4,8,DDR4,2666,512,15.6,1920x1080,120,Intel,1.9,41,14490000
dell,Intel,7,13,5,16,DDR4,3200,512,15.6,1920x1080,120,NVIDIA,1.65,54,25290000
dell,Intel,5,13,4.6,16,DDR4,2666,512,15.6,1920x1080,120,Intel,1.66,41,19990000
dell,Intel,5,12,4.4,8,DDR4,2666,256,15.6,1920x1080,120,Intel,1.9,41,18590000
dell,Intel,5,13,4.6,8,DDR4,2666,512,15.6,1920x1080,120,Intel,1.66,41,18490000
dell,Intel,7,13,5,8,DDR4,2666,512,15.6,1920x1080,120,Intel,1.66,54,21990000
dell,Intel,5,13,4.6,8,DDR4,2666,512,14,1920x1080,60,Intel,1.44,41,18490000
dell,Intel,5,12,4.4,8,DDR4,3200,512,15.6,1920x1080,120,NVIDIA,1.9,41,19790000
dell,Intel,5,12,4.4,8,DDR4,3200,256,16,1920x1080,60,Intel,1.87,54,19790000
dell,Intel,5,12,4.4,8,DDR4,3200,512,15.6,1920x1080,120,Intel,1.67,41,19490000
dell,Intel,5,12,4.4,8,DDR4,2666,512,14,1920x1080,60,Intel,1.49,41,17590000
dell,Intel,5,13,4.6,8,DDR4,3200,512,15.6,1920x1080,120,NVIDIA,1.63,41,20990000
dell,Intel,5,13,4.6,8,LPDDR5,4800,512,14,1920x1200,60,Intel,1.58,54,24190000
dell,Intel,7,12,4.7,8,DDR4,3200,512,16,1920x1200,60,Intel,1.87,54,25190000
dell,Intel,7,13,5,16,DDR5,4800,512,15.6,3456x2160,60,NVIDIA,1.92,86,74490000
dell,Intel,7,13,5,16,LPDDR5,6400,512,13.4,3456x2160,60,Intel,1.28,55,59990000
dell,Intel,5,13,4.6,16,LPDDR5,6000,512,13.4,3456x2160,60,Intel,1.26,55,54990000
dell,Intel,7,13,4.9,16,DDR5,4800,512,15.6,1920x1080,165,NVIDIA,2.81,86,40990000
dell,Intel,7,13,5,16,LPDDR5,4800,1024,14,2560x1600,120,NVIDIA,1.531,54,32490000
dell,Intel,5,13,4.6,16,LPDDR5,4800,512,14,2560x1600,120,NVIDIA,1.78,54,29790000
dell,Intel,7,13,5,16,LPDDR5,4800,1024,14,1920x1200,60,Intel,1.531,54,27090000
dell,Intel,7,13,5,16,LPDDR5,4800,512,14,1920x1200,60,Intel,1.62,54,29490000
dell,Intel,7,13,5,16,DDR4,3200,512,14,1920x1080,60,NVIDIA,1.46,41,26290000
dell,Intel,5,13,4.6,16,LPDDR5,4800,512,16,1920x1200,60,Intel,1.9,54,25690000
dell,Intel,5,13,4.6,8,LPDDR5,4800,512,16,1920x1200,60,Intel,1.9,54,23190000
dell,Intel,5,13,4.6,8,DDR4,3200,512,15.6,1920x1080,120,Intel,1.63,41,18190000
asus,AMD,5,7,4.3,16,LPDDR5,5500,512,15.6,1920x1080,60,AMD,1.63,42,14490000
dell,Intel,5,13,4.6,8,DDR4,3200,512,14,1920x1080,60,NVIDIA,1.49,41,19990000
asus,Intel,3,12,4.4,8,DDR4,3200,512,15.6,1920x1080,60,Intel,1.7,42,12290000
asus,Intel,3,11,4.1,8,DDR4,3200,256,14,1920x1080,60,Intel,1.55,37,10990000
asus,Intel,5,12,4.5,16,DDR4,3200,1024,15.6,1920x1080,144,NVIDIA,2.2,56,25990000
asus,Intel,5,11,4.5,8,DDR4,3200,512,15.6,1920x1080,144,NVIDIA,2.3,48,19990000
asus,Intel,,,2.8,4,DDR4,2400,256,15.6,1366x768,60,Intel,1.8,37,7890000
asus,Intel,5,13,4.6,16,DDR4,3200,512,16,1920x1200,60,Intel,1.88,42,18990000
asus,Intel,5,13,4.7,16,DDR4,3200,512,15.6,1920x1080,60,Intel,1.7,50,20990000
asus,Intel,5,13,4.6,8,DDR4,3200,512,15.6,1920x1080,60,Intel,1.7,42,17990000
asus,Intel,5,13,4.7,16,DDR4,3200,512,14,1920x1200,60,Intel,1.5,50,21990000
asus,Intel,7,11,4.6,16,DDR4,3200,512,15.6,1920x1080,144,NVIDIA,2.3,48,22990000
asus,Intel,3,12,4.4,8,DDR4,2933,512,14,1920x1080,60,Intel,1.4,42,11990000
asus,Intel,5,11,4.5,16,DDR4,3200,512,15.6,1920x1080,144,NVIDIA,2.3,48,22990000
asus,Intel,7,13,5,16,DDR4,3200,512,15.6,1920x1080,60,Intel,1.7,42,22990000
asus,Intel,5,11,4.2,16,DDR4,2933,512,15.6,1920x1080,60,Intel,1.8,37,14990000
asus,Intel,7,13,5,16,DDR4,2933,512,15.6,1920x1080,60,Intel,1.7,50,24490000
asus,Intel,5,11,4.5,16,DDR4,3200,512,17.3,1920x1080,144,NVIDIA,2.6,48,20990000
asus,Intel,5,12,4.5,8,DDR4,3200,512,15.6,1920x1080,144,NVIDIA,2.2,56,23990000
asus,Intel,5,13,4.7,8,DDR4,3200,512,15.6,1920x1080,60,Intel,1.7,50,20490000
asus,Intel,5,13,4.6,16,DDR4,2933,512,14,1920x1080,60,Intel,1.4,42,18490000
asus,Intel,3,11,4.1,8,DDR4,3200,512,15.6,1920x1080,60,Intel,1.8,37,11290000
asus,Intel,5,13,4.6,16,LPDDR5,4800,512,14,2880x1800,90,Intel,1.39,75,27990000
asus,Intel,5,13,4.7,16,DDR4,3200,512,14,2880x1800,90,NVIDIA,1.4,63,29490000
asus,Intel,5,13,4.7,16,DDR4,3200,512,14,2880x1800,90,Intel,1.4,63,22990000
asus,Intel,9,13,5.4,16,DDR4,3200,512,15.6,1920x1080,60,Intel,1.7,50,24990000
asus,Intel,5,12,4.5,16,DDR4,2933,512,15.6,1920x1080,60,Intel,1.7,50,19990000
asus,Intel,3,13,4.5,8,DDR4,3200,256,14,1920x1200,60,Intel,1.5,50,16990000
asus,AMD,5,7,4.3,8,LPDDR5,5500,512,15.6,1920x1080,60,AMD,1.63,42,13990000
asus,AMD,7,4,4.2,8,DDR4,3200,512,15.6,1920x1080,144,NVIDIA,2.1,56,22990000
asus,AMD,9,7,5.4,32,DDR5,4800,1024,17.3,2560x1440,240,NVIDIA,3,90,90000000
asus,Intel,7,13,5,16,LPDDR5,4800,512,14,2880x1800,90,Intel,1.5,75,33990000
asus,Intel,5,12,4.4,8,LPDDR5,4800,512,14,2880x1800,90,Intel,1.39,75,25490000
asus,Intel,9,13,5.4,16,DDR4,3200,512,15.6,1920x1080,144,NVIDIA,2.2,90,40990000
asus,Intel,7,13,4.9,16,DDR5,4800,512,16,1920x1200,165,NVIDIA,2.5,90,43990000
asus,Intel,9,13,5.6,64,DDR5,4800,2048,18,2560x1600,240,NVIDIA,3.1,90,125000000
asus,AMD,9,7,5.4,32,DDR5,4800,1024,16,2560x1600,240,NVIDIA,2.67,90,125000000
asus,Intel,9,13,5.6,32,DDR5,4800,1024,16,2560x1600,240,NVIDIA,2.5,90,95000000
asus,Intel,9,12,5,32,DDR5,4800,1024,15.6,2560x1440,240,NVIDIA,2.3,90,69990000
asus,Intel,7,13,5,16,LPDDR5,4800,1024,14,2880x1800,90,Intel,0.99,63,49990000
asus,Intel,7,13,4.9,16,DDR5,4800,1024,16,2560x1600,240,NVIDIA,2.5,90,60990000
asus,AMD,7,7,4.7,16,DDR5,4800,512,14,1920x1200,144,NVIDIA,1.72,76,42990000
asus,AMD,9,7,5.2,8,DDR5,4800,512,15.6,1920x1080,144,NVIDIA,2.2,90,45490000
asus,Intel,7,13,5,32,LPDDR5,5500,1024,13.3,2880x1800,60,Intel,1,63,44990000
asus,Intel,7,13,5,16,LPDDR5,5500,512,13.3,2880x1800,60,Intel,1,63,39990000
asus,Intel,5,13,4.6,8,DDR5,4800,512,16,1920x1200,165,NVIDIA,2.5,90,37990000
asus,Intel,7,12,4.7,8,DDR5,4800,512,15.6,1920x1080,144,NVIDIA,2,76,35990000
asus,AMD,7,7,4.7,16,DDR5,4800,512,15.6,1920x1080,144,NVIDIA,2.2,90,34490000
asus,Intel,,,4.5,16,LPDDR5X,5200,512,14,2880x1800,120,Intel,1.2,75,28990000
asus,Intel,7,13,5,16,LPDDR5,4800,512,14,2880x1800,90,Intel,1.39,75,31990000
asus,Intel,7,12,4.7,16,DDR5,4800,512,15.6,1920x1080,144,NVIDIA,2.2,90,32990000
asus,Intel,5,13,4.6,16,LPDDR5,4800,512,14,2880x1800,90,Intel,1.5,75,29990000
asus,Intel,9,13,5.4,16,DDR4,3200,512,14,2880x1800,90,Intel,1.4,63,26990000
asus,Intel,9,13,5.4,32,DDR5,4800,1024,16,2560x1600,240,NVIDIA,2.1,90,80990000
acer,Intel,5,13,4.6,16,DDR4,3200,512,15.6,1920x1080,60,NVIDIA,1.7,50,20490000
asus,Intel,3,13,4.5,8,DDR4,3200,512,14,1920x1200,60,Intel,1.6,42,14990000
acer,Intel,5,12,4.4,8,DDR4,2400,512,15.6,1920x1080,60,Intel,1.7,40,15990000
acer,Intel,5,11,4.2,8,DDR4,2400,256,15.6,1920x1080,60,Intel,1.7,36.7,13990000
acer,Intel,3,,3.8,8,LPDDR5,4800,256,15.6,1920x1080,60,Intel,1.7,40,9990000
acer,Intel,5,11,4.2,8,DDR4,2666,512,14,1920x1080,60,Intel,1.46,48,15490000
acer,Intel,5,11,4.2,8,DDR4,2400,512,15.6,1920x1080,60,Intel,1.7,36.7,14990000
acer,Intel,5,11,4.5,8,DDR4,2666,512,15.6,1920x1080,60,Intel,1.8,48,17990000
acer,Intel,,,2.8,4,DDR4,2400,256,14,1366x768,60,Intel,1.45,36,6990000
acer,Intel,3,13,4.5,8,LPDDR5,4800,512,15.6,1920x1080,60,Intel,1.7,50,13090000
acer,Intel,,,3.3,4,DDR4,2400,256,14,1366x768,60,Intel,1.45,36,7990000
acer,Intel,5,11,4.2,16,DDR4,2666,512,14,1920x1080,60,NVIDIA,1.4,56,25990000
acer,Intel,5,11,4.5,8,DDR4,3200,512,15.6,1920x1080,144,NVIDIA,2.2,57,23790000
acer,AMD,5,5,4.3,8,DDR4,3200,512,15.6,1920x1080,144,NVIDIA,2.1,50,21990000
acer,Intel,3,12,4.4,8,DDR4,2400,256,15.6,1920x1080,60,Intel,1.7,40,13490000
acer,Intel,5,11,4.2,8,DDR4,2666,512,14,1920x1080,60,Intel,1.4,56,22490000
acer,Intel,3,12,4.4,8,DDR4,2400,512,15.6,1920x1080,60,Intel,1.7,40,13990000
acer,Intel,5,12,4.4,16,LPDDR4X,4267,512,14,2160x1440,60,Intel,1.2,56,23990000
acer,Intel,5,12,4.4,8,DDR4,3200,512,15.6,1920x1080,144,NVIDIA,2.1,50,21490000
acer,Intel,3,,3.8,8,LPDDR5,5200,512,14,1920x1080,60,Intel,1.4,40,11790000
acer,Intel,3,11,4.1,4,DDR4,2400,256,15.6,1920x1080,60,Intel,1.7,36.7,11290000
acer,Intel,5,11,4.5,8,DDR4,3200,512,15.6,1920x1080,144,NVIDIA,2.2,57.5,24990000
acer,Intel,5,13,4.6,8,DDR5,5200,512,15.6,1920x1080,144,NVIDIA,2.1,57,26990000
acer,Intel,5,12,4.5,8,DDR4,3200,512,15.6,1920x1080,144,NVIDIA,2.5,57.5,27990000
acer,Intel,7,11,4.7,16,DDR4,2666,1024,14,1920x1080,60,Intel,1.4,56,29790000
acer,Intel,5,12,4.4,16,DDR4,3200,512,15.6,1920x1080,144,NVIDIA,2.1,50,22990000
acer,Intel,7,13,5,8,DDR5,4800,512,16,2560x1600,165,NVIDIA,2.6,90,38990000
acer,Intel,5,13,4.7,8,DDR5,4800,512,16,2560x1600,165,NVIDIA,2.6,90,35990000
acer,Intel,7,12,4.7,8,DDR4,3200,512,15.6,1920x1080,144,NVIDIA,2.5,57.5,31990000
acer,Intel,5,13,4.6,16,DDR5,5200,512,15.6,1920x1080,144,NVIDIA,2.1,57,23990000
acer,Intel,5,11,4.2,16,LPDDR4X,4266,512,14,1920x1080,60,Intel,1.19,56,22990000
acer,Intel,3,11,4.1,8,DDR4,2400,256,15.6,1920x1080,60,Intel,1.7,36.7,
acer,Intel,5,11,4.2,8,DDR4,3200,1024,14,1920x1080,60,Intel,1.46,48,14990000
acer,Intel,9,13,5.4,32,DDR5,5600,2048,18,2560x1600,240,NVIDIA,3.1,90,
acer,Intel,5,13,4.7,8,DDR5,4800,512,17.3,1920x1080,165,NVIDIA,3,90,
acer,Intel,9,13,5.4,32,DDR5,5600,2048,16,2560x1600,240,NVIDIA,2.6,90,
acer,Intel,7,13,5,16,DDR5,4800,512,16,2560x1600,165,NVIDIA,2.6,90,
msi,Intel,3,11,4.1,8,DDR4,3200,512,14,1920x1080,60,Intel,1.4,39,11990000
msi,Intel,5,12,4.4,8,DDR4,3200,512,15.6,1920x1080,60,Intel,1.7,39.3,13990000
msi,AMD,5,7,4.5,16,DDR4,3200,512,15.6,1920x1080,60,AMD,1.75,39.3,14990000
msi,Intel,5,12,4.4,8,DDR4,3200,512,15.6,1920x1080,144,NVIDIA,1.86,52.4,22490000
msi,AMD,5,7,4.55,16,DDR5,4800,512,15.6,1920x1080,144,AMD,2.25,53.5,18490000
msi,Intel,5,12,4.4,8,DDR4,3200,512,15.6,1920x1080,144,NVIDIA,1.86,52.4,17990000
msi,Intel,7,11,4.6,8,DDR4,3200,512,15.6,1920x1080,144,NVIDIA,1.86,52.4,20490000
msi,Intel,5,12,4.4,8,DDR4,3200,512,15.6,1920x1080,144,NVIDIA,1.86,52.4,18990000
msi,AMD,7,7,4.5,16,DDR4,3200,512,15.6,1920x1080,60,AMD,1.75,39.3,16990000
msi,Intel,7,12,4.7,8,DDR4,3200,512,15.6,1920x1080,144,NVIDIA,2.25,53.5,27490000
msi,Intel,5,12,4.4,16,DDR4,3200,512,15.6,1920x1080,60,Intel,1.7,39.3,14490000
msi,AMD,5,7,4.5,8,DDR4,3200,512,14,1920x1080,60,AMD,1.4,39.3,13990000
msi,Intel,5,11,4.5,8,DDR4,3200,512,15.6,1920x1080,144,NVIDIA,1.86,51,16490000
msi,Intel,7,12,4.7,8,DDR5,4800,512,15.6,1920x1080,144,NVIDIA,1.98,53.5,25490000
msi,Intel,5,11,4.5,8,DDR4,3200,512,15.6,1920x1080,144,NVIDIA,1.86,52.4,18490000
msi,Intel,7,12,4.7,8,DDR5,4800,512,15.6,1920x1080,144,NVIDIA,1.98,53.5,30490000
msi,Intel,7,13,4.9,8,DDR5,5200,512,15.6,1920x1080,144,NVIDIA,2.25,53.5,27990000
msi,Intel,5,13,4.7,16,LPDDR5,4800,512,14,1920x1200,60,Intel,1.49,72,26990000
msi,Intel,7,13,4.9,16,DDR5,5200,1024,15.6,1920x1080,144,NVIDIA,2.25,53.5,31990000
msi,Intel,7,13,5,16,LPDDR5,4800,1024,13.3,1920x1200,60,Intel,0.99,75,33990000
msi,Intel,7,13,5,16,DDR4,3200,512,14,1920x1080,60,Intel,1.4,39.3,21490000
msi,Intel,5,12,4.4,8,DDR5,4800,512,15.6,1920x1080,144,NVIDIA,1.98,53.5,18990000
msi,Intel,7,12,4.7,16,DDR4,3200,512,15.6,1920x1080,60,Intel,1.7,39.3,19490000
lg,Intel,7,13,5,16,LPDDR5,6000,1024,17,2560x1600,60,Intel,1.35,80,50990000
msi,Intel,5,13,4.6,8,DDR4,3200,512,15.6,1920x1080,60,Intel,1.7,39.3,18490000
lg,Intel,7,13,5,16,LPDDR5,6000,512,16,2560x1600,60,Intel,1.999,80,46990000
lg,Intel,5,13,4.6,16,LPDDR5,6000,512,16,3200x2000,120,Intel,1.25,80,43990000
lg,Intel,5,13,4.6,16,LPDDR5,6000,512,15.6,1920x1080,60,Intel,0.99,60,42990000
lg,Intel,5,13,4.6,16,LPDDR5,6000,512,14,2880x1800,90,Intel,0.999,72,38990000
lg,Intel,5,13,4.6,16,LPDDR5,6000,512,14,1920x1200,60,Intel,1.25,72,37990000
lg,Intel,7,13,5,16,LPDDR5,6000,512,14,1920x1200,60,Intel,0.999,72,38990000
lg,Intel,5,13,4.6,16,LPDDR5,6000,256,14,1920x1200,60,Intel,0.999,72,32490000
hp,Intel,7,13,5,8,DDR4,3200,512,15.6,1920x1080,60,Intel,1.59,41,
hp,Intel,7,12,4.7,8,DDR4,3200,512,15.6,1920x1080,60,Intel,1.74,,25990000
hp,Intel,7,12,4.7,16,DDR4,3200,512,14,1920x1080,60,Intel,1.37,51,26990000
hp,Intel,7,13,5,16,LPDDR4X,4266,1024,13.5,1920x1280,60,Intel,1.36,66,49990000
hp,Intel,7,12,4.7,8,DDR5,4800,512,13.3,1920x1200,60,Intel,1.32,51,40990000
hp,Intel,9,12,5,16,DDR5,4800,512,16,2560x1600,120,NVIDIA,2.32,83,60990000
hp,Intel,7,13,5,16,DDR5,5200,512,16.1,1920x1080,144,NVIDIA,2.33,70,38990000
hp,Intel,7,12,4.7,8,DDR4,3200,512,13.3,1920x1080,60,Intel,1.28,,26990000
hp,AMD,5,7,5,16,DDR5,5600,512,16.1,1920x1080,144,NVIDIA,2.31,70,27590000
hp,Intel,5,13,4.6,8,DDR4,3200,512,15.6,1920x1080,60,Intel,,51,22990000
hp,Intel,7,13,5,16,LPDDR5,6400,512,13.3,1920x1200,60,Intel,1.21,51,43990000
hp,Intel,5,13,4.6,16,DDR4,3200,512,14,1920x1080,60,Intel,,51,21990000
hp,Intel,5,12,4.4,8,DDR5,4800,512,14,1920x1200,60,Intel,1.36,51,33990000
hp,Intel,5,12,4.5,8,DDR4,3200,512,15.6,1920x1080,144,NVIDIA,2.29,70,26890000
hp,Intel,7,13,5,16,LPDDR5,6400,1024,14,1920x1200,60,Intel,1.21,51,48990000
hp,Intel,5,12,4.4,8,DDR4,3200,512,14,1920x1080,60,Intel,1.38,51,20990000
hp,Intel,7,12,4.7,8,DDR4,3200,512,14,1920x1080,60,Intel,1.46,41,21590000
hp,Intel,5,13,4.6,8,DDR4,3200,256,14,1920x1080,60,Intel,,51,20590000
hp,Intel,7,12,4.7,8,DDR4,3200,256,14,1920x1080,60,Intel,1.47,41,21190000
hp,Intel,7,13,5,16,DDR4,3200,512,15.6,1920x1080,60,NVIDIA,2.29,70,34990000
hp,Intel,3,12,4.4,8,DDR4,3200,256,14,1920x1080,60,Intel,1.41,43,15290000
hp,Intel,5,12,4.4,8,DDR4,3200,512,14,1920x1080,60,Intel,1.41,43,17990000
hp,AMD,5,7,4.5,8,DDR5,4800,512,15.6,1920x1080,60,NVIDIA,,52.5,
hp,AMD,5,7,4.5,16,DDR5,4800,512,15.6,1920x1080,60,NVIDIA,2.29,52.5,
hp,Intel,5,12,4.4,8,DDR4,3200,256,14,1920x1080,60,Intel,1.41,43,18690000
hp,Intel,5,12,4.4,8,DDR4,3200,512,15.6,1920x1080,60,Intel,1.74,41,19790000
hp,Intel,7,13,5,16,DDR4,3200,512,13.3,1920x1080,60,Intel,1.28,42,27990000
hp,Intel,5,12,4.4,8,LPDDR4X,4266,512,13.3,2880x1800,60,Intel,1.34,66,
hp,Intel,7,12,4.7,16,LPDDR5,4800,512,14,1920x1200,60,Intel,1.35,51,50990000
hp,Intel,7,13,5,16,LPDDR5,6400,1024,13.5,1920x1280,60,Intel,0.99,68,51990000
hp,Intel,5,13,4.6,16,DDR4,3200,512,15.6,1920x1080,60,NVIDIA,,52.5,
hp,Intel,5,13,4.7,16,DDR4,3200,1024,15.6,1920x1080,60,NVIDIA,2.29,70,
hp,Intel,3,12,4.4,8,DDR4,3200,256,14,1920x1080,60,Intel,1.46,41,12590000
hp,Intel,7,13,5,16,DDR4,3200,512,14,1920x1080,60,Intel,1.46,41,21990000
hp,Intel,5,12,4.4,8,DDR4,3200,256,14,1920x1080,60,Intel,1.47,41,17990000
hp,Intel,7,13,5,16,DDR4,3200,512,,1920x1080,60,NVIDIA,1.74,41,26590000
hp,Intel,5,13,4.6,8,DDR4,3200,512,15.6,1920x1080,60,Intel,1.59,41,18790000
hp,Intel,5,13,4.6,8,DDR4,3200,256,15.6,1920x1080,60,Intel,1.74,41,18990000
hp,Intel,7,12,4.7,8,DDR4,3200,512,14,1920x1080,60,Intel,1.47,41,22990000
hp,Intel,5,13,4.6,16,DDR4,3200,512,15.6,1920x1080,60,Intel,1.59,41,19590000
hp,Intel,7,12,4.7,8,DDR4,3200,512,15.6,1920x1080,144,NVIDIA,2.29,70,30990000
hp,Intel,5,12,4.4,8,DDR4,3200,256,13.3,1920x1080,60,Intel,1.28,,21990000
hp,Intel,7,12,4.7,16,DDR4,3200,512,14,1920x1080,60,Intel,1.38,51,26990000
hp,Intel,5,13,4.6,8,DDR4,3200,256,15.6,1920x1080,60,Intel,1.74,41,18990000
hp,Intel,5,13,4.6,16,DDR4,3200,512,14,1920x1080,60,Intel,1.46,41,19590000
hp,Intel,7,13,5,16,DDR4,3200,512,,1920x1080,60,Intel,1.74,41,25290000
hp,Intel,7,12,4.7,16,DDR5,4800,512,14,1920x1200,60,Intel,1.36,51,39990000
hp,Intel,5,12,4.4,8,DDR4,3200,512,15.6,1920x1080,60,Intel,1.74,51,22990000
hp,Intel,9,13,5.4,32,DDR5,5600,1024,16.1,2560x1440,240,NVIDIA,2.3,83,69990000
hp,Intel,7,13,5,32,DDR5,4800,1024,16.1,2560x1440,240,NVIDIA,2.3,83,58990000
hp,Intel,7,13,5,8,DDR4,3200,512,15.6,1920x1080,60,Intel,1.74,41,23990000
hp,Intel,5,12,4.4,16,DDR4,3200,512,15.6,1920x1080,60,Intel,1.74,41,20990000
hp,Intel,5,13,4.6,8,DDR4,3200,512,14,1920x1080,60,Intel,1.46,41,18790000
hp,Intel,7,13,4.9,8,DDR4,3200,512,15.6,1920x1080,60,NVIDIA,2.29,70,31990000
hp,Intel,7,13,4.9,16,DDR4,3200,512,15.6,1920x1080,60,NVIDIA,2.29,70,32990000
hp,Intel,5,12,4.4,8,DDR4,3200,256,14,1920x1080,60,Intel,1.46,41,17690000
hp,Intel,3,12,4.4,8,DDR4,3200,256,14,1920x1080,60,Intel,1.47,41,14190000
hp,Intel,5,12,4.4,8,DDR4,3200,512,14,1920x1080,60,Intel,1.41,43,19690000
hp,Intel,5,13,4.6,16,DDR4,3200,512,15.6,1920x1080,60,Intel,,51,23590000
hp,Intel,3,13,4.5,8,DDR4,3200,256,15.6,1920x1080,60,Intel,1.74,41,15290000
hp,Intel,7,12,4.7,8,DDR5,4800,512,14,1920x1200,60,Intel,1.36,,35990000
hp,Intel,5,13,4.6,16,DDR4,3200,512,14,1920x1080,60,Intel,1.51,43,24290000
hp,Intel,7,12,4.7,16,LPDDR4,4267,512,13.3,2880x1800,60,Intel,1.34,,30490000
hp,Intel,5,12,4.4,16,DDR4,3200,512,15.6,1920x1080,144,NVIDIA,2.29,52.5,22990000
hp,Intel,7,13,5,16,DDR4,3200,512,14,1920x1080,60,Intel,,51,26090000
hp,Intel,5,12,4.4,8,DDR4,3200,512,15.6,1920x1080,60,Intel,1.74,41,18990000
hp,Intel,5,13,4.6,16,DDR4,3200,512,15.6,1920x1080,60,Intel,1.74,41,21290000
hp,Intel,5,13,4.6,8,DDR4,3200,512,14,1920x1080,60,Intel,1.51,43,22890000
hp,Intel,5,12,4.4,16,DDR4,4266,512,13.3,2880x1800,60,Intel,1.34,66,29690000
hp,Intel,5,13,4.6,8,DDR4,3200,512,14,1920x1080,60,Intel,1.38,51,22690000
hp,Intel,7,13,5,16,DDR4,3200,512,15.6,1920x1080,60,Intel,1.74,41,25990000
hp,Intel,3,13,4.5,8,DDR4,3200,256,15.6,1920x1080,60,Intel,1.74,41,15290000
hp,Intel,3,11,4.1,8,DDR4,3200,256,14,1920x1080,60,Intel,1.46,41,12690000
hp,Intel,5,13,4.6,8,DDR4,3200,512,15.6,1920x1080,60,Intel,1.74,41,19990000
hp,Intel,5,12,4.4,8,DDR4,3200,512,15.6,1920x1080,60,Intel,1.69,41,18690000
hp,Intel,3,13,4.5,8,DDR4,3200,256,14,1920x1080,60,Intel,,51,16990000
hp,Intel,5,13,4.6,8,DDR4,3200,512,15.6,1920x1080,60,Intel,1.74,41,19990000
hp,Intel,3,11,4.1,8,DDR4,3200,256,15.6,1920x1080,60,Intel,1.7,41,12690000
hp,Intel,7,12,4.7,16,LPDDR4X,4266,1024,13.5,3000x2000,60,Intel,1.36,66,48990000
hp,Intel,5,13,4.6,16,DDR4,3200,512,14,1920x1080,60,Intel,,51,22990000
hp,Intel,7,13,5,16,DDR5,5200,512,16.1,1920x1080,144,NVIDIA,2.31,70,32990000
hp,Intel,7,12,4.7,16,DDR4,3200,512,13.3,1920x1080,60,Intel,1.28,,25990000
hp,Intel,3,12,4.4,8,DDR4,3200,512,14,1920x1080,60,Intel,1.46,41,13390000
hp,Intel,7,13,5,16,DDR4,,512,15.6,1920x1080,60,Intel,1.79,51,
hp,Intel,5,13,4.6,8,DDR4,3200,512,14,1920x1080,60,Intel,,51,
hp,Intel,7,13,5,16,DDR4,3200,512,14,1920x1080,60,Intel,1.41,51,28090000
hp,Intel,3,12,4.4,8,DDR4,3200,256,14,1920x1080,60,Intel,1.41,43,14990000
hp,Intel,5,12,4.4,8,DDR4,3200,512,14,1920x1080,60,Intel,1.37,51,21990000
hp,Intel,5,13,4.6,16,DDR4,3200,512,14,1920x1080,60,Intel,1.41,51,
hp,Intel,5,13,4.6,8,DDR4,3200,512,14,1920x1080,60,Intel,1.41,51,23490000
hp,Intel,5,13,4.6,16,DDR4,,512,15.6,1920x1080,60,Intel,1.79,51,
hp,Intel,5,13,4.6,16,DDR4,3200,512,14,1920x1080,60,Intel,1.41,51,24490000
hp,Intel,5,13,4.6,16,DDR4,3200,512,14,1920x1080,60,Intel,,51,23490000
hp,Intel,7,13,5,16,DDR4,3200,512,15.6,1920x1080,60,Intel,1.59,41,22590000
hp,Intel,7,13,5,16,DDR4,3200,512,14,1920x1080,60,Intel,1.51,43,27590000
hp,Intel,5,12,4.4,8,DDR4,3200,256,15.6,1920x1080,60,Intel,1.74,41,18990000
hp,Intel,5,13,4.6,8,DDR4,3200,512,14,1920x1080,60,Intel,,51,21490000
hp,Intel,7,12,4.7,8,DDR4,3200,256,15.6,1920x1080,60,Intel,1.69,41,20590000
hp,Intel,7,13,5,16,DDR4,3200,512,14,1920x1080,60,Intel,1.41,51,
hp,Intel,5,13,4.7,16,DDR4,3200,512,15.6,1920x1080,60,NVIDIA,2.29,70,29990000
hp,Intel,5,12,4.4,16,DDR4,3200,512,14,1920x1080,60,Intel,1.41,43,20990000
hp,Intel,7,13,5,16,DDR4,3200,512,14,1920x1080,60,Intel,,51,27690000
hp,Intel,7,12,4.7,8,DDR4,3200,512,14,1920x1080,60,Intel,1.37,51,25990000
hp,Intel,7,13,5,16,DDR4,3200,512,15.6,1920x1080,60,Intel,,51,27990000
hp,Intel,3,13,4.5,8,DDR4,3200,256,14,1920x1080,60,Intel,1.47,41,13490000
hp,Intel,7,12,4.7,16,DDR4,3200,512,14,1920x1080,60,Intel,1.41,43,25490000
hp,Intel,5,13,4.6,16,DDR4,3200,512,15.6,1920x1080,60,NVIDIA,1.74,41,21990000
hp,Intel,3,13,4.5,8,DDR4,3200,256,14,1920x1080,60,Intel,1.51,43,17990000
hp,Intel,3,13,4.5,8,DDR4,3200,256,14,1920x1080,60,Intel,1.51,43,17990000
hp,Intel,7,13,5,8,DDR4,3200,512,14,1920x1080,60,Intel,1.47,41,20990000
hp,Intel,5,13,4.6,8,DDR4,3200,256,14,1920x1080,60,Intel,1.47,41,18490000
hp,Intel,5,12,4.4,8,DDR4,3200,512,14,1920x1080,60,Intel,1.47,41,19990000
hp,Intel,7,13,5,16,DDR4,3200,512,14,1920x1080,60,Intel,1.47,41,22490000
hp,Intel,5,13,4.6,8,DDR4,3200,512,14,1920x1080,60,Intel,1.47,41,18990000
hp,Intel,5,13,4.6,16,DDR4,3200,512,14,1920x1080,60,Intel,1.47,41,19990000
lenovo,Intel,7,13,5,16,LPDDR5,6400,1024,14,2880x1800,60,Intel,1.12,57,52090000
lenovo,Intel,7,13,3.7,8,DDR4,3200,512,15.6,1920x1080,60,Intel,1.77,46.5,27290000
lenovo,Intel,5,12,4.5,16,DDR4,3200,512,15.6,1920x1080,60,Intel,1.65,38,14490000
lenovo,Intel,3,13,4.5,8,DDR4,3200,512,15.6,1920x1080,60,Intel,1.67,38,14090000
lenovo,Intel,7,13,5,8,DDR5,5200,1024,16,2560x1600,165,NVIDIA,2.4,80,42990000
lenovo,Intel,7,13,4.9,16,LPDDR5,5200,512,14,1920x1200,60,Intel,1.46,56.6,22990000
lenovo,Intel,7,13,5,8,DDR5,5200,512,16,2560x1600,165,NVIDIA,2.4,80,37990000
lenovo,Intel,7,13,5,16,LPDDR5X,6400,1024,13,2160x1350,60,Intel,0.9915,49.5,53490000
lenovo,Intel,5,13,4.6,8,DDR4,3200,512,15.6,1920x1080,60,Intel,1.7,65,
lenovo,Intel,7,13,5,32,LPDDR5,4800,1024,13.3,1920x1200,60,Intel,1.25,41,42990000
lenovo,Intel,7,13,5,16,LPDDR5X,6400,512,13,2160x1350,60,Intel,0.9665,49.5,55990000
lenovo,Intel,5,12,4.4,16,LPDDR5,4800,1024,14,1920x1080,60,Intel,1.37,47,16490000
lenovo,AMD,5,7,5,8,DDR5,5600,512,15.6,1920x1080,144,NVIDIA,2.4,60,27990000
lenovo,Intel,7,13,5,16,LPDDR5X,6400,512,13,2160x1350,60,Intel,0.9915,49.5,52290000
lenovo,Intel,7,13,5,16,LPDDR5X,4800,512,14,2240x1400,60,Intel,1.25,57,
lenovo,Intel,5,13,4.6,16,LPDDR5X,4800,512,14,2240x1400,60,Intel,1.25,57,
lenovo,Intel,7,13,5,32,LPDDR5X,7500,1024,14,2240x1400,60,NVIDIA,1.38,52.5,42990000
lenovo,AMD,5,6,4.5,8,DDR5,4800,512,15.6,1920x1080,120,NVIDIA,2.315,60,25690000
lenovo,AMD,7,6,4.7,8,DDR5,4800,512,15.6,1920x1080,120,NVIDIA,2.315,60,
lenovo,Intel,5,13,4.7,16,LPDDR5,5200,512,14,1920x1200,60,Intel,1.46,56.6,19990000
lenovo,Intel,7,13,5,16,LPDDR5X,4800,512,14,2240x1400,60,Intel,1.25,57,
lenovo,Intel,5,13,4.7,8,DDR5,5200,512,14,1920x1200,60,Intel,1.38,60,
lenovo,Intel,5,13,4.6,16,LPDDR5X,7500,512,14,2240x1400,60,NVIDIA,1.34,52.5,35500000
lenovo,Intel,7,13,5,8,DDR4,3200,512,14,1920x1200,60,Intel,1.53,47,25690000
lenovo,Intel,5,13,4.6,8,DDR4,3200,512,15.6,1920x1080,60,Intel,1.65,38,
lenovo,Intel,5,13,4.7,16,DDR5,5200,1024,16,1920x1200,60,Intel,1.7,71,
lenovo,Intel,5,13,4.7,8,DDR5,5200,512,16,1920x1200,60,Intel,1.7,71,
lenovo,Intel,3,12,4.4,8,DDR4,3200,512,14,1920x1080,60,Intel,1.43,45,12990000
lenovo,Intel,5,13,4.6,8,DDR4,3200,512,15.6,1920x1080,60,Intel,1.65,38,
lenovo,Intel,3,13,4.5,8,DDR4,3200,512,14,1920x1080,60,Intel,1.43,38,
lenovo,Intel,5,13,4.6,16,DDR4,3200,512,15.6,1920x1080,60,Intel,1.65,38,
lenovo,Intel,3,13,4.5,8,DDR4,3200,256,14,1920x1080,60,Intel,1.43,38,
lenovo,Intel,3,13,4.5,8,DDR4,3200,512,14,1920x1080,60,Intel,1.43,38,
lenovo,Intel,5,13,4.6,8,DDR5,5200,512,14,1920x1200,60,Intel,1.38,45,
lenovo,Intel,7,13,5,16,DDR4,3200,512,14,1920x1080,60,Intel,1.4,45,23760000
lenovo,Intel,5,13,4.6,16,LPDDR5,6400,1024,14,2880x1800,60,Intel,1.12,57,
lenovo,Intel,5,13,4.6,16,LPDDR5,6400,512,14,1920x1200,60,Intel,1.12,57,
lenovo,Intel,5,13,4.6,16,DDR4,3200,512,14,1920x1080,60,Intel,1.43,38,
lenovo,Intel,5,12,4.4,16,LPDDR5,4800,512,14,1920x1080,60,Intel,1.37,47,15490000
lenovo,Intel,5,13,4.6,8,DDR4,3200,512,16,1920x1200,60,Intel,1.97,47,21890000
lenovo,Intel,7,13,5,16,LPDDR5,4800,512,13.3,1920x1200,60,Intel,1.12,41,36990000
lenovo,Intel,5,13,4.6,8,DDR4,3200,512,14,1920x1080,60,Intel,1.43,38,
lenovo,Intel,9,13,5.4,16,DDR5,5600,1024,16,2560x1600,240,NVIDIA,2.55,80,55990000
lenovo,Intel,5,11,4.5,8,DDR4,3200,512,14,2240x1400,60,Intel,1.38,56.5,22990000
lenovo,Intel,9,13,5.4,16,DDR5,5600,1024,16,2560x1600,240,NVIDIA,2.55,80,49990000
lenovo,Intel,5,12,4.4,16,LPDDR5,4800,512,14,1920x1200,60,Intel,1.46,56.6,16990000
lenovo,AMD,5,5,4.2,8,DDR4,3200,256,15.6,1920x1080,165,NVIDIA,2.4,60,25999000
lenovo,Intel,9,13,5.4,32,LPDDR5X,6400,1024,14.5,3072x1920,165,NVIDIA,1.68,75,54990000
lenovo,Intel,7,13,5,16,LPDDR5X,5200,512,14,1920x1200,60,Intel,1.35,65,
lenovo,Intel,7,12,4.7,8,DDR4,3200,512,16,1920x1200,60,NVIDIA,1.8,52.5,37990000
lenovo,AMD,7,6,4.7,16,LPDDR5,6400,512,16,2560x1600,120,NVIDIA,1.95,75,29990000
lenovo,Intel,5,13,4.7,16,LPDDR5,5200,1024,14,1920x1200,60,Intel,1.46,56.6,20990000
lenovo,Intel,5,11,4.5,16,DDR4,3200,512,14,1920x1080,60,Intel,1.41,45,16290000
lenovo,Intel,5,12,4.4,8,DDR4,3200,512,15.6,1920x1080,60,Intel,1.7,45,17990000
lenovo,Intel,7,13,5,16,DDR4,3200,512,14,1920x1080,60,Intel,1.41,38,19630000
lenovo,Intel,7,13,5,16,DDR4,3200,512,14,1920x1080,60,Intel,1.4,45,24920000
lenovo,Intel,7,12,4.7,16,DDR5,4800,512,16,2560x1600,165,NVIDIA,2.49,80,46590000
lenovo,Intel,3,13,4.5,8,DDR4,3200,512,15.6,1920x1080,60,Intel,1.67,38,12990000
lenovo,Intel,7,13,5,16,LPDDR5X,7500,512,16,1920x1200,60,NVIDIA,1.7,52.5,43160000
lenovo,Intel,7,11,4.7,16,DDR4,3200,1024,13,2160x1350,60,Intel,1.16,41,36190000
lenovo,Intel,5,13,4.6,16,LPDDR5,4800,512,13.3,1920x1200,60,Intel,1.12,41,28990000
lenovo,Intel,5,12,4.4,8,DDR4,3200,512,14,1920x1080,60,Intel,1.6,45,24199000
lenovo,Intel,7,13,5,8,DDR4,3200,512,16,1920x1200,60,Intel,1.97,47,30990000
lenovo,Intel,3,13,4.5,8,DDR4,3200,512,15.6,1920x1080,60,Intel,1.67,38,14090000
lenovo,AMD,5,7,4.5,16,DDR4,3200,512,15.6,1920x1080,60,AMD,1.7,45,17910000
lenovo,Intel,5,13,4.6,16,LPDDR5X,7500,512,16,1920x1200,60,NVIDIA,1.7,52.5,39320000
lenovo,AMD,5,6,4.5,8,DDR5,4800,512,15.6,1920x1080,120,NVIDIA,2.32,60,19990000
lenovo,Intel,7,13,5,16,LPDDR5X,7500,512,14,2240x1400,60,NVIDIA,1.34,52.5,44160000
lenovo,AMD,7,7,5.1,8,DDR5,5600,512,16,2560x1600,165,NVIDIA,2.4,80,38990000
lenovo,AMD,5,5,4.2,8,DDR4,3200,512,15.6,1920x1080,144,NVIDIA,2.25,45,17990000
lenovo,Intel,7,12,4.7,8,DDR4,3200,512,14,1920x1080,60,Intel,1.4,45,24890000
lenovo,Intel,5,12,4.4,8,DDR5,4800,512,15.6,1920x1080,144,NVIDIA,2.4,60,21999000
lenovo,AMD,5,6,4.5,16,LPDDR5,6400,512,16,2560x1600,120,NVIDIA,1.95,75,27990000
lenovo,Intel,5,12,4.4,16,LPDDR5,4800,1024,16,1920x1200,60,Intel,1.89,56.6,17490000
lenovo,Intel,7,12,4.7,16,LPDDR5,4800,512,14,2880x1800,90,Intel,1.4,61,30990000
lenovo,Intel,5,13,4.6,8,DDR4,3200,512,16,1920x1200,60,Intel,1.97,47,22990000
lenovo,AMD,5,7,4.5,8,DDR4,3200,512,14,1920x1080,60,AMD,1.17,47,17990000
lenovo,Intel,5,12,4.5,16,DDR4,3200,512,14,1920x1080,60,Intel,1.43,38,13490000
lenovo,Intel,7,13,5,8,DDR4,3200,512,16,1920x1200,60,Intel,1.81,47,25690000
lenovo,Intel,5,13,4.6,8,DDR4,3200,512,14,1920x1200,60,Intel,1.53,47,19790000
lenovo,Intel,7,13,5,16,DDR5,5200,512,16,1920x1200,60,Intel,1.67,52.5,31090000
lenovo,Intel,5,12,4.4,8,LPDDR5,4800,512,15.6,1920x1080,60,Intel,1.37,47,14490000
lenovo,Intel,5,13,4.6,8,DDR4,3200,512,14,1920x1200,60,Intel,1.53,47,22999000
lenovo,Intel,7,12,4.7,8,DDR4,3200,512,14,2240x1400,60,NVIDIA,1.38,52.5,41690000
lenovo,Intel,5,12,4.4,16,LPDDR5,4800,512,16,1920x1200,60,Intel,1.89,56.6,17490000
lenovo,Intel,5,13,4.6,16,DDR5,5200,512,16,1920x1200,60,Intel,1.67,52.5,27390000
lenovo,Intel,7,12,4.7,16,DDR4,3200,512,14,1920x1080,60,Intel,1.64,45,23999000
lenovo,Intel,7,13,5,16,LPDDR5X,5200,512,14,1920x1200,60,Intel,1.35,65,24990000
lenovo,Intel,9,13,5.6,32,DDR5,5600,1024,16,3200x2000,165,NVIDIA,2.56,99.9,139900000
lenovo,Intel,5,12,4.4,8,DDR5,4800,512,15.6,1920x1080,144,NVIDIA,2.4,60,20990000
lenovo,Intel,7,13,5,16,LPDDR5X,7500,512,16,1920x1200,60,NVIDIA,1.7,52.5,39990000
lenovo,Intel,7,13,5,8,DDR4,3200,512,14,1920x1080,60,Intel,1.4,46.5,26100000
lenovo,Intel,5,12,4.4,8,DDR4,3200,512,14,1920x1080,60,Intel,1.44,56.5,16990000
lenovo,Intel,7,13,5,16,LPDDR5X,7500,512,14,2240x1400,60,NVIDIA,1.34,52.5,47990000
lenovo,AMD,7,7,5.1,8,DDR5,5600,512,15.6,1920x1080,144,NVIDIA,2.4,60,28990000
lenovo,Intel,5,13,4.6,8,DDR5,5200,512,15.6,1920x1080,144,NVIDIA,2.4,60,31990000
lenovo,Intel,7,13,5,16,LPDDR5,6400,512,14,1920x1200,60,Intel,1.12,57,48090000
dell,Intel,7,12,4.8,16,LPDDR5,5200,512,14,1920x1200,60,Intel,1.29,40,
dell,Intel,7,12,4.8,16,LPDDR5,5200,512,14,2560x1600,60,Intel,1.44,40,
dell,Intel,7,13,5.2,16,DDR5,4800,512,15.6,1920x1080,60,NVIDIA,1.795,64,
dell,Intel,7,12,4.8,16,DDR5,4800,256,15.6,3840x2400,60,NVIDIA,1.84,86,
dell,Intel,7,13,5.2,16,LPDDR5,6000,512,14,2560x1600,60,Intel,1.53,60,69990000
dell,Intel,5,13,4.6,16,DDR4,,512,14,1920x1080,60,Intel,1.36,54,30990000
dell,Intel,7,12,4.8,16,DDR5,4800,512,15.6,1920x1080,60,NVIDIA,1.78,64,46990000
dell,Intel,5,13,4.6,8,LPDDR5,4800,256,14,1920x1200,60,Intel,1.33,57,32990000
dell,Intel,7,12,4.7,8,DDR4,3200,256,14,1920x1080,60,Intel,1.36,,
dell,Intel,7,13,5.2,32,,,1024,14,1920x1080,60,NVIDIA,1.39,54,
dell,Intel,7,13,4.9,16,DDR5,4800,512,15.6,,165,NVIDIA,2.8,86,41190000
dell,Intel,7,12,4.8,16,DDR5,4800,512,15.6,3840x2400,60,NVIDIA,1.84,86,77990000
dell,Intel,7,12,4.7,8,DDR4,3200,256,14,1920x1080,60,Intel,1.36,,28990000
dell,Intel,5,13,4.6,16,LPDDR5,4800,512,13.3,1920x1200,60,Intel,1.15,,34990000
dell,Intel,5,13,4.6,8,LPDDR5,4800,512,14,1920x1080,60,Intel,,54,20990000
dell,Intel,3,13,4.5,8,DDR4,3200,256,14,1920x1080,60,Intel,1.54,42,
dell,Intel,5,13,4.6,8,DDR4,3200,512,15.6,1920x1080,60,NVIDIA,1.64,41,20990000
dell,Intel,5,13,4.6,16,DDR4,3200,512,15.6,1920x1080,120,NVIDIA,1.65,41,21490000
dell,Intel,5,13,4.6,16,LPDDR5,4800,512,16,1920x1200,60,NVIDIA,,54,28990000
dell,Intel,9,12,5,32,DDR5,4800,512,15.6,3840x2400,60,NVIDIA,1.84,86,89990000
dell,Intel,5,13,4.6,8,LPDDR5,4800,512,16,,60,Intel,,54,22990000
dell,Intel,7,12,4.8,16,DDR5,4800,512,14,1920x1080,60,NVIDIA,1.49,64,41990000
dell,Intel,5,13,4.6,8,DDR4,3200,256,14,1920x1080,60,Intel,1.36,42,
dell,Intel,5,12,4.4,8,DDR5,4800,256,14,1920x1080,60,NVIDIA,1.49,64,33990000
dell,Intel,7,13,5,16,DDR4,3200,512,15.6,1366x768,60,Intel,1.81,42,25990000
dell,Intel,7,13,5,8,DDR4,3200,256,14,1920x1080,60,Intel,1.54,42,28990000
dell,Intel,5,13,4.6,8,DDR4,,512,14,1920x1080,60,Intel,1.6,41,18990000
dell,Intel,5,11,4.2,8,DDR4,3200,512,14,1920x1080,60,Intel,1.52,,18990000
dell,Intel,3,13,4.5,8,DDR4,,512,15.6,1920x1080,120,Intel,1.85,41,15990000
dell,Intel,9,11,5,16,DDR4,3200,512,15.6,1920x1200,60,NVIDIA,1.79,64,71990000
dell,Intel,5,13,4.6,8,DDR4,3200,256,15.6,1920x1080,120,Intel,1.9,41,17990000
dell,Intel,5,13,4.6,8,DDR4,,512,15.6,1920x1080,120,Intel,1.9,41,18990000
dell,Intel,7,13,5,8,DDR4,3200,512,15.6,1920x1080,60,Intel,1.81,42,24490000
dell,Intel,7,12,4.7,8,DDR4,3200,256,14,1920x1080,60,Intel,1.52,41,23990000
dell,Intel,5,13,4.6,8,DDR4,3200,256,14,1920x1080,60,Intel,1.36,54,23990000
dell,Intel,5,12,4.4,8,DDR4,3200,256,14,1920x1080,60,Intel,1.36,41,24090000
dell,Intel,5,13,4.6,,LPDDR5,4800,512,14,1920x1080,60,Intel,,54,23990000
dell,Intel,3,13,4.5,8,DDR4,3200,,15.6,1920x1080,120,Intel,1.94,41,13490000
dell,Intel,7,13,5,16,LPDDR5,4800,1024,14,,60,NVIDIA,,54,31990000
dell,Intel,7,13,5,16,LPDDR5,4800,512,14,1920x1080,60,Intel,1.57,54,29990000
dell,Intel,3,13,4.5,8,DDR4,,256,14,1920x1080,60,Intel,1.44,41,13990000
dell,Intel,5,13,4.6,8,DDR4,3200,256,15.6,1920x1080,60,Intel,1.81,42,19990000
dell,Intel,7,13,5,16,LPDDR5,4800,512,16,,60,NVIDIA,1.85,54,31990000
dell,Intel,5,13,4.6,16,DDR4,,512,15.6,1920x1080,120,Intel,1.85,41,19990000
dell,Intel,3,13,4.5,8,DDR4,,512,15.6,1920x1080,120,Intel,1.94,41,14990000
dell,Intel,7,13,5,16,LPDDR5,4800,1024,14,1920x1200,60,Intel,1.8,54,28490000
dell,Intel,5,13,4.6,16,LPDDR5,4800,512,16,1920x1200,60,Intel,1.9,54,25990000
dell,Intel,5,13,4.6,8,LPDDR5,4800,512,14,1920x1200,60,Intel,,54,24990000
dell,Intel,7,13,5,8,DDR4,,512,15.6,1920x1080,60,Intel,1.62,54,22990000
dell,Intel,5,13,4.6,8,DDR4,,512,15.6,1920x1080,120,Intel,1.65,41,20990000
dell,Intel,7,13,4.9,16,DDR5,4800,512,15.6,1920x1080,165,NVIDIA,2.81,86,42990000
dell,Intel,7,13,5,8,DDR4,3200,512,15.6,1920x1080,120,NVIDIA,1.9,54,24590000
dell,Intel,5,13,4.6,8,LPDDR5,4800,512,16,,60,Intel,1.85,54,23490000
dell,Intel,3,12,4.4,8,DDR4,3200,256,14,1920x1080,60,Intel,1.58,41,14590000
dell,Intel,7,13,5,16,LPDDR5,6000,512,13.4,3456x2160,60,Intel,1.26,55,62990000
dell,Intel,5,13,4.6,16,LPDDR5,4800,512,14,2560x1600,60,NVIDIA,1.5,54,29590000
dell,Intel,5,12,4.4,8,DDR4,3200,256,14,1920x1080,60,Intel,1.52,,18490000
dell,Intel,7,13,5,16,DDR4,3200,512,15.6,1920x1080,120,NVIDIA,1.62,54,26990000
dell,Intel,5,13,4.6,16,LPDDR5,5200,512,13.4,,60,Intel,1.26,55,55990000
dell,Intel,7,13,5,16,DDR4,3200,512,14,1920x1080,60,NVIDIA,1.6,41,26690000
dell,Intel,5,11,4.2,8,DDR4,3200,256,14,1920x1080,60,Intel,,41,17990000
dell,Intel,7,13,5,16,LPDDR5,4800,512,16,1920x1200,60,NVIDIA,1.82,54,33990000
dell,Intel,7,13,5,16,DDR5,4800,512,15.6,,60,NVIDIA,1.92,86,69990000
dell,Intel,7,13,5,16,LPDDR5,4800,512,13.3,1920x1200,60,Intel,1.15,57,40090000
dell,Intel,3,13,4.5,8,DDR4,,512,14,1920x1080,60,Intel,1.44,41,14990000
dell,Intel,7,13,5.2,16,DDR5,4800,512,16,1920x1200,60,NVIDIA,,100,85990000
dell,Intel,5,13,4.6,16,DDR4,,512,14,1920x1080,60,Intel,1.6,41,19990000
dell,Intel,7,13,5.2,16,DDR5,4800,512,16,1920x1200,60,NVIDIA,,100,78990000
dell,Intel,5,13,4.6,8,DDR4,3200,512,14,1920x1080,60,NVIDIA,1.5,41,22990000
dell,Intel,7,13,5,16,DDR4,3200,512,14,1920x1080,60,Intel,1.36,42,30990000
dell,Intel,7,13,5.3,16,,,512,16,1920x1200,60,NVIDIA,2.67,83,76990000
dell,Intel,7,13,5,16,DDR4,,512,15.6,1920x1080,60,Intel,1.62,54,22990000
dell,Intel,3,13,4.5,8,DDR4,3200,256,15.6,1920x1080,60,Intel,1.81,42,16990000
dell,Intel,7,13,5.2,16,DDR5,4800,512,15.6,1920x1080,60,NVIDIA,1.795,64,48990000
dell,Intel,5,12,4.4,8,DDR4,3200,256,14,1920x1080,60,Intel,1.36,41,26990000
dell,Intel,5,12,4.4,8,DDR4,3200,256,15.6,1920x1080,60,Intel,1.59,41,25490000
dell,Intel,5,13,4.6,8,DDR4,3200,256,14,1920x1080,60,Intel,1.36,54,25490000
dell,Intel,7,13,5,16,DDR4,,512,14,1920x1080,60,Intel,1.36,54,31990000
dell,Intel,7,13,5,16,LPDDR5,4800,512,14,1920x1200,60,Intel,33,54,
dell,Intel,9,13,5.4,16,DDR5,4800,512,15.6,1920x1080,60,NVIDIA,1.79,64,
dell,Intel,7,12,4.8,16,DDR5,5200,512,14,2560x1600,60,Intel,1.44,40,64990000
dell,Intel,5,13,4.6,8,LPDDR5,4800,256,13.3,1920x1080,60,Intel,1.22,54,22990000
dell,Intel,5,11,4.2,8,DDR4,3200,256,15.6,1920x1080,60,NVIDIA,1.79,41,17990000
dell,Intel,7,13,5.2,16,DDR5,4800,256,15.6,1920x1080,60,NVIDIA,1.795,64,
dell,Intel,7,13,5,16,DDR4,,512,15.6,1920x1080,120,NVIDIA,1.9,54,25490000
dell,Intel,7,13,5.3,32,,,1024,16,1920x1200,60,,,83,80990000
asus,Intel,9,13,5.4,16,LPDDR5,,1024,13.4,2560x1600,165,NVIDIA,1.18,56,57999000
asus,Intel,7,12,4.7,16,DDR4,3200,512,15.6,1920x1080,144,NVIDIA,2.2,90,34990000
asus,Intel,9,13,5.6,16,DDR5,4800,1024,16,2560x1600,240,NVIDIA,2.5,90,52990000
asus,Intel,,,4.5,16,LPDDR5X,,512,14,2880x1800,120,Intel,1.2,75,29990000
asus,Intel,5,11,4.5,16,DDR4,3200,512,15.6,1920x1080,144,NVIDIA,2.3,48,22990000
asus,Intel,9,13,5.6,32,DDR5,4800,1024,16,2560x1600,240,NVIDIA,2.5,90,95000000
asus,Intel,9,13,5.4,32,DDR5,4800,1024,16,,240,NVIDIA,2.1,90,80990000
asus,AMD,9,7,5.4,32,DDR5,4800,1024,16,2560x1600,240,NVIDIA,2.67,90,
asus,Intel,9,13,5.4,16,DDR4,,512,14,1920x1200,60,Intel,1.5,50,26490000
asus,Intel,7,13,5,16,LPDDR5,5200,512,13.3,2880x1800,60,Intel,1,63,39590000
asus,Intel,9,13,5.4,16,DDR5,,512,15.6,2880x1620,120,NVIDIA,1.8,70,41990000
asus,Intel,7,12,4.7,16,DDR4,3200,512,15.6,1920x1080,144,NVIDIA,2.2,90,34990000
asus,AMD,9,7,5.2,16,LPDDR5,6400,1024,13.4,2560x1600,165,NVIDIA,1.3,75,52990000
asus,Intel,7,13,4.9,16,DDR5,4800,512,15.6,1920x1080,144,NVIDIA,2.2,90,37490000
asus,Intel,7,13,5,8,DDR4,,512,15.6,1920x1080,60,Intel,1.7,50,25990000
asus,Intel,3,11,4.1,8,DDR4,3200,256,14,1920x1080,60,Intel,1.55,37,10790000
asus,Intel,9,13,5.4,16,,,1024,16,3200x2000,120,NVIDIA,1.9,96,48990000
asus,AMD,7,7,4.7,16,DDR5,,512,15.6,1920x1080,144,NVIDIA,2.2,90,30490000
asus,AMD,7,7,4.7,8,DDR5,4800,512,16,1920x1200,165,AMD,2.2,90,32990000
asus,Intel,3,12,4.4,8,DDR4,3200,256,14,1920x1080,60,Intel,1.4,42,13490000
asus,AMD,5,7,4.55,8,DDR5,4800,1024,15.6,1920x1080,144,NVIDIA,2.2,90,30999000
asus,Intel,7,13,5,16,LPDDR5,,512,14,2880x1800,90,Intel,1.39,75,31990000
asus,Intel,7,13,4.9,16,DDR5,4800,1024,16,2560x1600,240,NVIDIA,2.5,90,60990000
asus,AMD,9,6,4.9,32,DDR5,4800,1024,15.6,2560x1440,240,NVIDIA,1.9,90,80990000
asus,AMD,,,5.4,32,DDR5,4800,1024,17.3,2560x1440,240,NVIDIA,3,90,90000000
asus,Intel,3,13,4.5,8,DDR4,,256,14,1920x1200,60,Intel,1.5,50,16990000
asus,Intel,7,11,4.6,16,DDR4,3200,512,15.6,1920x1080,144,NVIDIA,2.3,48,22990000
asus,Intel,3,11,4.1,8,DDR4,3200,512,15.6,1920x1080,60,Intel,1.69,37,10290000
asus,Intel,5,13,4.6,8,DDR5,4800,512,16,1920x1200,165,NVIDIA,2.5,90,39990000
asus,Intel,9,13,5.4,16,DDR4,3200,512,15.6,1920x1080,144,NVIDIA,2.2,90,42990000
asus,AMD,9,7,5.2,8,DDR5,4800,512,15.6,1920x1080,144,NVIDIA,2.2,90,46990000
asus,Intel,5,11,4.4,16,DDR4,3200,512,15.6,1920x1080,144,NVIDIA,2.3,48,20900000
asus,Intel,3,12,4.4,8,DDR4,,512,14,1920x1200,60,Intel,1.6,50,
asus,AMD,7,7,4.7,8,DDR5,4800,512,15.6,1920x1080,144,NVIDIA,2.2,90,34990000
asus,Intel,9,13,5.6,64,DDR5,4800,2048,18,2560x1600,240,NVIDIA,3.1,90,125000000
asus,Intel,3,12,4.4,8,DDR4,,512,14,1920x1200,60,Intel,1.6,50,11490000
asus,Intel,9,13,5.4,32,LPDDR5,,1024,14.5,2880x1800,120,NVIDIA,,76,69990000
asus,Intel,7,13,4.9,16,DDR5,4800,512,16,1920x1200,165,NVIDIA,2.5,90,43990000
asus,Intel,7,13,4.9,16,DDR4,3200,,16,1920x1200,165,NVIDIA,2,90,44999000
asus,Intel,3,11,4.1,8,DDR4,3200,256,14,1920x1080,60,Intel,1.55,37,11690000
asus,Intel,5,13,4.6,8,DDR4,,512,16,1920x1200,60,Intel,1.88,42,18190000
asus,Intel,5,13,4.7,16,DDR5,,512,15.6,2880x1620,120,NVIDIA,1.8,70,37990000
asus,AMD,7,6,4.7,16,LPDDR5,,512,13.4,1920x1200,120,NVIDIA,1.3,62,41990000
asus,AMD,7,7,4.7,8,DDR5,4800,512,15.6,1920x1080,144,NVIDIA,2.2,90,31490000
asus,Intel,5,13,4.7,16,DDR4,,512,,2880x1800,90,Intel,1.6,50,21990000
asus,Intel,7,11,4.6,8,DDR4,3200,512,15.6,1920x1080,144,NVIDIA,2.3,48,22990000
asus,Intel,7,13,5,16,LPDDR5,,512,14,2880x1800,90,Intel,1.5,75,33990000
asus,Intel,5,12,4.5,8,DDR4,3200,512,15.6,1920x1080,144,NVIDIA,2.2,56,23990000
asus,Intel,5,11,4.5,8,DDR4,3200,512,15.6,1920x1080,144,NVIDIA,2.3,48,21990000
asus,Intel,5,13,4.6,8,DDR4,,256,14,1920x1080,60,Intel,1.4,42,16990000
asus,Intel,5,13,4.6,8,DDR4,,512,15.6,1920x1080,60,Intel,1.7,42,19990000
asus,Intel,5,11,4.5,16,DDR4,3200,512,15.6,1920x1080,144,NVIDIA,2.3,48,21990000
asus,Intel,3,12,4.4,8,DDR4,,256,15.6,1920x1080,60,Intel,1.7,70,16990000
asus,Intel,9,13,5.6,32,DDR5,4800,1024,18,2560x1600,240,NVIDIA,3.3,90,70990000
asus,Intel,7,12,4.7,8,DDR4,3200,512,15.6,1920x1080,144,NVIDIA,2.2,56,27990000
asus,Intel,5,12,4.5,16,DDR4,3200,512,15.6,1920x1080,144,NVIDIA,2.2,56,24999000
asus,Intel,5,13,4.6,8,DDR4,,512,15.6,1920x1080,60,Intel,1.7,42,15950000
asus,AMD,,,4.3,16,DDR4,,512,14,1920x1200,60,AMD,1.5,50,18990000
asus,Intel,5,13,4.7,16,DDR4,3200,512,15.6,1920x1080,60,Intel,,50,21000000
asus,AMD,5,7,4.5,8,DDR4,,512,14,2880x1800,90,AMD,1.6,50,17990000
asus,AMD,5,7,4.3,16,LPDDR5,,512,14,1920x1080,60,AMD,1.38,42,14490000
asus,Intel,9,13,5.4,16,DDR4,,512,15.6,1920x1080,60,Intel,1.7,50,24990000
asus,Intel,3,12,4.4,8,DDR4,3200,512,15.6,1920x1080,60,Intel,1.7,42,12990000
asus,Intel,5,13,4.6,16,LPDDR5,,512,14,2880x1800,90,Intel,1.39,75,27990000
asus,Intel,5,13,4.6,16,LPDDR5,,512,14,2880x1800,90,Intel,1.39,75,27990000
asus,Intel,5,13,4.6,8,DDR4,,512,15.6,1920x1080,60,Intel,1.6,50,21990000
asus,Intel,9,13,5.4,16,DDR4,,512,14,,60,Intel,1.4,63,26990000
asus,Intel,9,13,5.4,16,DDR5,4800,1024,16,2560x1600,240,NVIDIA,2.2,90,65990000
asus,AMD,7,7,4.7,16,DDR5,4800,512,14,1920x1200,144,NVIDIA,1.72,76,42990000
asus,Intel,5,13,4.7,16,DDR4,,512,15.6,1920x1080,60,Intel,1.7,50,20990000
asus,AMD,7,7,4.5,16,DDR4,,512,16,1920x1200,60,AMD,1.88,42,18490000
asus,Intel,5,13,4.6,16,LPDDR5,,512,14,2880x1800,90,Intel,1.5,75,29990000
acer,AMD,7,7,5.1,8,DDR5,5600,512,16,2560x1600,165,NVIDIA,2.7,90,35990000
acer,Intel,7,13,5,8,DDR5,4800,512,16,2560x1600,165,NVIDIA,2.6,90,38990000
acer,AMD,7,7,5.1,16,DDR5,5600,512,16,2560x1600,165,NVIDIA,2.7,90,39990000
acer,Intel,5,11,4.5,8,DDR4,3200,512,15.6,1920x1080,144,NVIDIA,2.2,57,22490000
acer,Intel,5,12,4.4,8,DDR4,2666,512,14,1920x1080,60,Intel,1.4,50,18990000
acer,Intel,9,13,5.4,16,DDR5,5600,1024,16,,240,NVIDIA,2.6,90,127790000
acer,Intel,3,12,4.4,8,DDR4,2400,256,15.6,1920x1080,60,Intel,1.7,40,12999000
acer,Intel,7,13,5,16,DDR5,4800,512,16,2560x1600,240,NVIDIA,2.6,90,55990000
acer,Intel,9,13,5.4,32,DDR5,5600,1024,18,,240,NVIDIA,3.1,90,129990000
acer,Intel,3,12,4.4,8,DDR4,2400,512,15.6,1920x1080,60,Intel,1.7,40,13490000
acer,Intel,9,13,5.4,16,LPDDR5,4800,512,15.6,1920x1080,60,Intel,1.7,50,23990000
acer,Intel,3,,3.8,8,LPDDR5,5200,512,14,1920x1200,60,Intel,1.5,50,13490000
acer,Intel,5,13,4.6,16,LPDDR5,5200,512,14,1920x1200,60,Intel,1.6,50,20990000
acer,Intel,5,12,4.5,16,DDR5,4800,512,15.6,1920x1080,165,NVIDIA,2.5,57.5,35990000
acer,Intel,7,13,5,16,LPDDR5,5200,512,14,1920x1200,60,Intel,1.6,50,23990000
acer,Intel,5,12,4.4,8,DDR4,3200,512,15.6,1920x1080,60,Intel,2.1,50,16990000
acer,Intel,7,13,5,16,LPDDR5,4800,512,15.6,1920x1080,60,Intel,1.7,50,19990000
acer,AMD,7,5,4.3,8,DDR4,3200,512,15.6,1920x1080,60,AMD,1.4,40,12990000
acer,AMD,7,5,4.3,16,LPDDR5,5200,512,14,1920x1080,60,AMD,1.4,50,13990000
acer,Intel,3,13,4.5,8,DDR5,6400,512,14,1920x1200,60,Intel,1.5,50,12990000
acer,Intel,5,13,4.7,16,DDR5,4800,512,16,2560x1600,165,NVIDIA,2.6,90,39990000
acer,Intel,,,4.5,16,LPDDR5,,512,14,2240x1400,60,Intel,1.3,65,
acer,Intel,3,13,4.5,8,LPDDR5,4800,512,15.6,1920x1080,60,Intel,1.7,50,
acer,Intel,7,13,4.9,8,DDR5,5200,512,15.6,1920x1080,144,NVIDIA,,,
acer,AMD,5,7,4.55,8,DDR5,4800,512,16,1920x1200,165,NVIDIA,2.7,90,29990000
acer,Intel,,,4.8,16,LPDDR5X,,512,14,2240x1400,60,Intel,1.3,65,
acer,Intel,5,12,4.4,8,DDR4,3200,512,15.6,1920x1080,144,NVIDIA,2.5,57.5,24999000
acer,Intel,7,11,4.6,64,DDR4,3200,1024,16,2560x1600,165,NVIDIA,2.4,99,84990000
acer,Intel,7,12,4.7,16,LPDDR5,6400,1024,14,2880x1800,90,Intel,1.4,57,34990000
acer,Intel,7,12,4.7,16,LPDDR4X,4267,1024,14,2560x1440,60,Intel,1.2,56,30500000
acer,Intel,9,12,5,32,LPDDR5,4800,1024,16,2560x1600,240,NVIDIA,2.4,99.98,107990000
acer,Intel,5,13,4.6,16,DDR5,5200,512,15.6,1920x1080,144,NVIDIA,2.1,57,27990000
acer,Intel,7,12,4.7,16,LPDDR5,4800,1024,16,2560x1600,240,NVIDIA,2.4,99.98,69900000
acer,Intel,5,12,4.4,16,DDR4,3200,512,15.6,1920x1080,144,NVIDIA,2.1,50,22990000
acer,AMD,5,7,4.3,8,DDR5,5200,512,14,1920x1080,60,AMD,1.4,40,13290000
acer,Intel,5,12,4.4,8,DDR4,3200,512,15.6,1920x1080,144,NVIDIA,2.1,50,21490000
acer,Intel,5,12,4.4,16,DDR4,3200,512,15.6,1920x1080,60,Intel,2.1,50,16990000
acer,Intel,5,13,4.6,8,DDR4,3200,512,15.6,1920x1080,60,NVIDIA,1.7,50,19990000
acer,Intel,3,12,4.4,8,DDR4,2400,256,15.6,1920x1080,60,Intel,1.7,40,10999000
acer,Intel,5,12,4.4,8,DDR4,2400,512,15.6,1920x1080,60,Intel,1.7,40,17999000
acer,Intel,5,13,4.6,16,LPDDR5,6400,512,14,1920x1200,60,Intel,1.5,50,16990000
acer,Intel,5,12,4.5,8,DDR4,3200,512,15.6,1920x1080,144,NVIDIA,2.5,57.5,27999000
acer,Intel,5,11,4.2,16,LPDDR4X,4266,512,14,1920x1080,60,Intel,1.19,56,22990000
acer,Intel,5,12,4.4,16,LPDDR4X,4267,512,14,2560x1440,60,Intel,1.2,56,23990000
acer,Intel,7,12,4.7,8,DDR4,3200,512,15.6,1920x1080,144,NVIDIA,2.5,57.5,31990000
acer,Intel,7,13,5,16,LPDDR5,6400,512,14,1920x1200,60,Intel,1.5,50,
acer,Intel,7,12,4.7,8,DDR4,3200,512,15.6,1920x1080,144,NVIDIA,2.1,50,
acer,Intel,5,13,4.7,16,DDR5,4800,512,16,,165,NVIDIA,2.6,90,40890000
acer,Intel,7,13,5,16,LPDDR5,,512,14,2880x1800,90,Intel,1.2,65,28690000
acer,AMD,5,7,4.5,16,LPDDR4X,,1024,14,1920x1080,60,AMD,1.2,50,19490000
acer,Intel,5,13,4.7,16,LPDDR5,,512,14,2880x1800,90,Intel,1.2,65,24590000
acer,Intel,5,13,4.6,16,LPDDR5,4800,512,15.6,1920x1080,60,Intel,1.7,50,16990000
acer,Intel,5,13,4.7,8,DDR5,4800,512,16,2560x1600,165,NVIDIA,2.6,90,35990000
acer,Intel,5,13,4.7,16,DDR5,4800,512,16,1920x1200,165,NVIDIA,2.6,90,37999000
acer,AMD,9,7,5.2,16,DDR5,5600,512,16,2560x1600,165,NVIDIA,2.7,90,42490000
acer,Intel,7,13,5,16,DDR5,4800,512,16,,165,NVIDIA,2.6,90,43990000
acer,Intel,3,,3.8,8,LPDDR5,5200,512,14,1920x1080,60,Intel,1.4,50,10490000
acer,Intel,7,12,4.7,16,DDR4,3200,512,15.6,1920x1080,60,Intel,2.1,50,19990000
acer,Intel,5,13,4.7,8,DDR5,4800,512,17.3,1920x1080,165,NVIDIA,3,90,35490000
acer,Intel,5,12,4.4,8,DDR5,4800,512,15.6,1920x1080,144,NVIDIA,2.5,57.5,26990000
acer,Intel,7,12,4.7,8,DDR4,3200,512,15.6,1920x1080,144,NVIDIA,2.5,57.5,30490000
acer,AMD,5,7,5,8,DDR5,5600,512,16,1920x1200,165,NVIDIA,2.7,90,30990000
msi,Intel,5,13,4.6,16,DDR4,3200,512,14,,60,Intel,1.4,39,18490000
msi,Intel,9,13,5.5,64,DDR5,5600,2048,16,2560x1600,120,NVIDIA,2.35,90,89990000
msi,Intel,5,12,4.4,16,DDR4,3200,512,15.6,1920x1080,144,NVIDIA,1.86,51,
msi,Intel,7,13,5,32,DDR5,5600,2048,17,2560x1600,165,NVIDIA,2.49,90,
msi,Intel,9,13,5.6,64,DDR5,,4096,17.3,3840x2160,144,NVIDIA,3.3,99.99,
msi,Intel,7,13,5,16,DDR5,4800,1024,16,2560x1600,165,NVIDIA,2.1,81,47990000
msi,Intel,5,11,4.5,8,DDR4,3200,512,15.6,,60,NVIDIA,1.86,51,
msi,Intel,7,12,4.7,8,DDR4,3200,512,14,,60,,1.4,39,
msi,Intel,5,13,4.7,16,DDR5,4800,512,14,1920x1200,60,Intel,1.49,72,26990000
msi,Intel,7,13,5,16,DDR5,5200,512,17.3,,240,NVIDIA,2.8,65,52990000
msi,Intel,5,13,4.6,8,DDR4,3200,512,15.6,,60,Intel,1.6,39,
msi,Intel,5,13,4.6,8,DDR4,3200,512,14,,60,Intel,1.4,39,17990000
msi,Intel,9,12,5,64,DDR5,4800,2048,17.3,,120,NVIDIA,2.9,99.99,119000000
msi,Intel,7,12,4.8,16,LPDDR5,4800,512,14,1920x1200,60,Intel,1.6,72,25990000
msi,Intel,5,13,4.6,8,DDR4,3200,512,14,,60,Intel,1.4,39,17990000
msi,Intel,7,13,5,16,DDR5,4800,1024,13.3,1920x1080,60,Intel,0.99,75,33990000
msi,Intel,7,12,4.7,8,DDR4,3200,512,15.6,1920x1080,144,NVIDIA,1.85,52.4,
msi,Intel,7,13,5,16,DDR5,5200,512,16,1920x1200,144,NVIDIA,2.26,53.5,39990000
msi,Intel,9,12,5,32,DDR5,4800,2048,17.3,,240,NVIDIA,2.9,99.99,84990000
msi,Intel,7,13,5,16,DDR5,5200,1024,14,2560x1600,240,NVIDIA,1.7,72,54990000
msi,Intel,5,13,4.6,8,DDR4,3200,512,15.6,,60,Intel,1.7,39,18490000
msi,Intel,7,11,4.6,16,DDR4,3200,512,15.6,1920x1080,144,NVIDIA,2.1,53.5,
msi,Intel,7,13,5,16,DDR4,3200,512,14,1920x1080,60,Intel,1.4,39.3,21490000
msi,Intel,7,12,4.7,32,DDR4,4800,1024,17.3,,240,NVIDIA,2.9,65,65990000
msi,Intel,7,12,4.7,16,DDR4,3200,1024,15.6,2560x1440,165,NVIDIA,2.3,53.5,34990000
msi,AMD,7,7,4.5,8,DDR4,3200,512,15.6,1920x1080,60,AMD,1.75,39,16990000
msi,Intel,7,13,5,16,DDR4,3200,512,15.6,,60,Intel,1.7,39.3,21990000
msi,Intel,9,12,5,64,DDR5,4800,2048,17.3,,120,NVIDIA,3.3,99.99,139990000
msi,Intel,7,13,5,32,DDR5,5600,2048,16,2560x1600,120,NVIDIA,2.35,90,
msi,Intel,7,12,4.7,16,DDR4,3200,512,15.6,1920x1080,144,NVIDIA,2.25,,26990000
msi,Intel,7,12,4.7,16,DDR4,3200,512,16,,60,NVIDIA,2.2,53.5,36990000
msi,Intel,9,12,5,32,DDR5,4800,2048,17.3,,240,NVIDIA,2.8,99.99,89990000
msi,AMD,5,7,4.5,8,DDR4,3200,512,14,1920x1080,60,AMD,1.4,39,14990000
msi,Intel,7,11,4.6,8,DDR4,3200,512,15.6,1920x1080,144,NVIDIA,2.25,53.5,
msi,Intel,5,12,4.4,8,DDR4,3200,512,15.6,,144,NVIDIA,2.25,53.5,23990000
msi,Intel,7,12,4.7,32,DDR5,4800,2048,16,2560x1600,165,NVIDIA,2.39,90,79990000
msi,AMD,7,5,4.4,8,DDR4,3200,512,17.3,,144,AMD,2.55,90,34990000
msi,Intel,9,12,5,32,DDR5,4800,1024,15.6,,240,NVIDIA,2.66,99.99,77990000
msi,AMD,5,5,4.2,8,DDR4,3200,512,15.6,,144,AMD,2.35,90,29990000
msi,Intel,9,12,5,32,DDR5,4800,2048,17,2560x1600,165,NVIDIA,2.49,90,85990000
msi,Intel,9,12,5,64,DDR5,4800,2048,17.3,,120,NVIDIA,2.9,99.99,126990000
msi,Intel,7,12,4.7,16,DDR4,3200,1024,17.3,,360,NVIDIA,2.6,53.5,44990000
msi,AMD,7,5,4.4,16,DDR4,3200,512,15.6,,144,AMD,2.35,90,34990000
msi,Intel,5,12,4.4,8,DDR4,3200,512,15.6,1920x1080,144,NVIDIA,1.86,52.4,17990000
msi,Intel,5,13,4.6,16,DDR4,3200,512,14,,60,Intel,1.4,39,18490000
msi,Intel,5,12,4.4,16,DDR4,3200,512,14,,60,Intel,1.4,,15990000
msi,Intel,5,12,4.4,16,DDR4,3200,512,15.6,,60,Intel,1.7,39.3,15990000
msi,Intel,5,12,4.4,8,DDR4,3200,512,15.6,1920x1080,144,NVIDIA,1.86,52.4,23990000
msi,Intel,7,11,4.6,8,DDR4,3200,512,15.6,,144,NVIDIA,1.86,51,23990000
msi,Intel,7,12,4.7,8,DDR5,4800,512,15.6,1920x1080,144,NVIDIA,1.98,53.5,30990000
msi,AMD,7,7,4.5,8,DDR4,3200,512,14,1920x1080,60,AMD,1.4,39,15990000
msi,AMD,5,7,4.55,16,DDR5,4800,512,15.6,1920x1080,144,AMD,2.35,53.5,17990000
msi,Intel,9,13,5.4,32,DDR5,5200,2048,16,3840x2400,60,NVIDIA,1.88,99.9,80990000
msi,Intel,7,13,4.9,8,DDR5,5200,512,15.6,,144,NVIDIA,2.25,53.5,34990000
msi,Intel,7,12,4.7,8,DDR5,4800,512,15.6,1920x1080,144,NVIDIA,1.98,53.5,27990000
msi,AMD,5,7,4.5,8,DDR4,3200,512,14,1920x1080,60,AMD,1.4,39,12990000
msi,Intel,5,12,4.4,8,DDR5,4800,512,15.6,1920x1080,144,NVIDIA,1.98,53.5,24990000
msi,Intel,7,13,4.9,16,DDR5,,1024,15.6,,144,NVIDIA,2.1,53.5,37990000
msi,Intel,7,12,4.7,16,DDR4,3200,512,15.6,,60,Intel,1.7,39,19490000
msi,Intel,5,12,4.4,8,DDR5,4800,512,15.6,1920x1080,144,NVIDIA,1.98,53.5,21990000
msi,Intel,5,12,4.4,8,DDR5,4800,512,15.6,1920x1080,144,NVIDIA,1.98,52.4,19990000
msi,Intel,5,13,4.6,8,DDR4,3200,512,14,,60,Intel,1.4,39,17990000
msi,Intel,3,11,4.1,8,DDR4,3200,512,14,,60,Intel,1.4,39,13990000
msi,Intel,7,13,4.9,16,DDR5,5600,1024,15.6,,144,NVIDIA,2.25,53.5,44990000
msi,Intel,7,13,4.9,16,DDR5,5200,1024,15.6,,240,NVIDIA,2.1,53.5,47990000
msi,Intel,5,13,4.6,16,DDR4,3200,512,14,,60,Intel,1.4,39,18490000
msi,Intel,9,12,5,16,DDR5,4800,1024,16,1920x1200,144,NVIDIA,2.67,90,61990000
msi,Intel,7,12,4.7,16,DDR5,4800,1024,16,,120,NVIDIA,2.2,90,42990000
msi,Intel,7,13,5,16,DDR5,,2048,16,2560x1600,240,NVIDIA,2.7,99.99,62990000
msi,Intel,7,13,5,32,DDR5,,2048,16,2560x1600,240,NVIDIA,2.7,99.99,66990000
msi,Intel,9,13,5.6,64,DDR5,,4096,17.3,2560x1600,240,NVIDIA,3.1,99.99,109990000
msi,Intel,9,13,5.5,64,DDR5,,4096,17,2560x1600,240,NVIDIA,3.1,99.99,120990000
msi,Intel,9,13,5.4,32,DDR5,5200,2048,16,3840x2160,120,NVIDIA,1.99,99.99,80990000
lg,Intel,5,13,4.6,16,LPDDR5,6000,256,14,1920x1200,60,Intel,0.999,72,32490000
lg,Intel,5,13,4.6,16,LPDDR5,6000,256,14,1920x1200,60,Intel,0.999,72,32490000
lg,Intel,7,12,4.7,16,LPDDR5,5200,512,17,2560x1600,60,Intel,1.35,80,47990000
lg,Intel,7,12,,16,LPDDR5,5200,512,17,2560x1600,60,Intel,1.35,80,47990000
lg,Intel,7,13,5,16,LPDDR5,6000,512,14,1920x1200,60,Intel,0.999,72,38990000
lg,Intel,5,13,4.6,16,LPDDR5,6000,512,15.6,,60,Intel,0.99,60,42990000
lg,Intel,7,13,5,16,LPDDR5,6000,256,17,2560x1600,60,Intel,1.199,80,42990000
lg,Intel,7,13,5,16,LPDDR5,6000,1024,17,2560x1600,60,Intel,1.35,80,50990000
lg,Intel,5,13,4.6,16,LPDDR5,6000,512,16,2560x1600,60,Intel,1.199,80,39990000
lg,Intel,7,13,5,16,LPDDR5,6000,512,16,2560x1600,60,Intel,1.199,80,46990000
lg,Intel,5,13,4.6,16,LPDDR5,6000,512,14,,90,Intel,0.999,72,38990000
lg,Intel,5,13,4.6,16,LPDDR5,5200,512,14,,60,Intel,1.25,72,42990000
lg,Intel,7,13,5,16,LPDDR5,6000,1024,17,2560x1600,60,Intel,1.35,80,50990000
lg,Intel,5,13,4.6,16,LPDDR5,6000,512,16,,120,Intel,1.25,80,43990000
lg,Intel,5,13,4.6,16,LPDDR5,5200,512,14,,60,Intel,1.25,72,37990000
lg,Intel,5,13,4.6,16,LPDDR5,6000,512,16,,120,Intel,1.25,80,43990000
lg,Intel,5,13,4.6,16,LPDDR5,6000,512,15.6,,60,Intel,0.99,60,42990000
lg,Intel,5,13,4.6,16,LPDDR5,6000,512,14,,90,Intel,0.999,72,38990000
lg,Intel,7,13,5,16,LPDDR5,6000,512,16,2560x1600,144,NVIDIA,1.299,90,49990000
lg,Intel,7,13,5,16,LPDDR5,6000,512,14,1920x1200,60,Intel,0.999,72,38990000
